ISO-10303-21;
HEADER;
FILE_DESCRIPTION( ( '' ), ' ' );
FILE_NAME( '/vol/tmp/translate-2993394070118023063/5a90acdeaf79e40ef90edccd.step', '2018-02-24T00:07:58', ( '' ), ( '' ), ' ', ' ', ' ' );
FILE_SCHEMA( ( 'AUTOMOTIVE_DESIGN { 1 0 10303 214 1 1 1 1 }' ) );
ENDSEC;
DATA;
#1 = MECHANICAL_DESIGN_GEOMETRIC_PRESENTATION_REPRESENTATION( ' ', ( #10, #11, #12, #13, #14, #15, #16, #17, #18, #19, #20, #21, #22, #23, #24, #25, #26, #27, #28, #29, #30, #31, #32, #33, #34, #35, #36, #37, #38, #39, #40, #41, #42, #43, #44, #45, #46, #47, #48, #49, #50, #51, #52, #53, #54, #55, #56, #57, #58, #59, #60, #61, #62, #63, #64, #65, #66, #67, #68, #69, #70, #71, #72, #73, #74, #75, #76, #77, #78, #79, #80, #81, #82, #83, #84, #85, #86, #87, #88, #89, #90, #91, #92, #93, #94, #95, #96, #97, #98, #99, #100, #101, #102, #103, #104, #105, #106, #107, #108, #109, #110, #111, #112, #113, #114, #115, #116, #117, #118, #119, #120, #121, #122, #123, #124, #125, #126, #127, #128, #129, #130, #131, #132, #133, #134, #135, #136, #137, #138, #139, #140, #141, #142, #143, #144, #145, #146, #147, #148, #149, #150, #151, #152, #153, #154, #155, #156, #157, #158, #159, #160, #161, #162, #163, #164, #165, #166, #167, #168, #169, #170, #171, #172, #173, #174, #175, #176, #177, #178, #179, #180, #181, #182, #183, #184, #185, #186, #187, #188, #189, #190, #191, #192, #193, #194, #195, #196, #197, #198, #199, #200, #201, #202, #203, #204, #205, #206, #207, #208, #209, #210, #211, #212, #213, #214, #215, #216, #217, #218, #219, #220, #221, #222, #223, #224, #225, #226, #227, #228, #229, #230, #231, #232, #233, #234, #235, #236, #237, #238, #239, #240, #241, #242, #243, #244, #245, #246, #247, #248, #249, #250, #251, #252, #253, #254, #255, #256, #257, #258, #259, #260, #261, #262, #263, #264, #265, #266, #267, #268, #269, #270, #271, #272 ), #6 );
#2 = PRODUCT_DEFINITION_CONTEXT( '', #273, 'design' );
#3 = APPLICATION_PROTOCOL_DEFINITION( 'international standard', 'automotive_design', 2001, #273 );
#4 = PRODUCT_CATEGORY_RELATIONSHIP( 'NONE', 'NONE', #274, #275 );
#5 = SHAPE_DEFINITION_REPRESENTATION( #276, #277 );
#6 =  ( GEOMETRIC_REPRESENTATION_CONTEXT( 3 )GLOBAL_UNCERTAINTY_ASSIGNED_CONTEXT( ( #280 ) )GLOBAL_UNIT_ASSIGNED_CONTEXT( ( #282, #283, #284 ) )REPRESENTATION_CONTEXT( 'NONE', 'WORKSPACE' ) );
#10 = STYLED_ITEM( '', ( #286 ), #287 );
#11 = STYLED_ITEM( '', ( #288 ), #289 );
#12 = STYLED_ITEM( '', ( #290 ), #291 );
#13 = STYLED_ITEM( '', ( #292 ), #293 );
#14 = STYLED_ITEM( '', ( #294 ), #295 );
#15 = STYLED_ITEM( '', ( #296 ), #297 );
#16 = STYLED_ITEM( '', ( #298 ), #299 );
#17 = STYLED_ITEM( '', ( #300 ), #301 );
#18 = STYLED_ITEM( '', ( #302 ), #303 );
#19 = STYLED_ITEM( '', ( #304 ), #305 );
#20 = STYLED_ITEM( '', ( #306 ), #307 );
#21 = STYLED_ITEM( '', ( #308 ), #309 );
#22 = STYLED_ITEM( '', ( #310 ), #311 );
#23 = STYLED_ITEM( '', ( #312 ), #313 );
#24 = STYLED_ITEM( '', ( #314 ), #315 );
#25 = STYLED_ITEM( '', ( #316 ), #317 );
#26 = STYLED_ITEM( '', ( #318 ), #319 );
#27 = STYLED_ITEM( '', ( #320 ), #321 );
#28 = STYLED_ITEM( '', ( #322 ), #323 );
#29 = STYLED_ITEM( '', ( #324 ), #325 );
#30 = STYLED_ITEM( '', ( #326 ), #327 );
#31 = STYLED_ITEM( '', ( #328 ), #329 );
#32 = STYLED_ITEM( '', ( #330 ), #331 );
#33 = STYLED_ITEM( '', ( #332 ), #333 );
#34 = STYLED_ITEM( '', ( #334 ), #335 );
#35 = STYLED_ITEM( '', ( #336 ), #337 );
#36 = STYLED_ITEM( '', ( #338 ), #339 );
#37 = STYLED_ITEM( '', ( #340 ), #341 );
#38 = STYLED_ITEM( '', ( #342 ), #343 );
#39 = STYLED_ITEM( '', ( #344 ), #345 );
#40 = STYLED_ITEM( '', ( #346 ), #347 );
#41 = STYLED_ITEM( '', ( #348 ), #349 );
#42 = STYLED_ITEM( '', ( #350 ), #351 );
#43 = STYLED_ITEM( '', ( #352 ), #353 );
#44 = STYLED_ITEM( '', ( #354 ), #355 );
#45 = STYLED_ITEM( '', ( #356 ), #357 );
#46 = STYLED_ITEM( '', ( #358 ), #359 );
#47 = STYLED_ITEM( '', ( #360 ), #361 );
#48 = STYLED_ITEM( '', ( #362 ), #363 );
#49 = STYLED_ITEM( '', ( #364 ), #365 );
#50 = STYLED_ITEM( '', ( #366 ), #367 );
#51 = STYLED_ITEM( '', ( #368 ), #369 );
#52 = STYLED_ITEM( '', ( #370 ), #371 );
#53 = STYLED_ITEM( '', ( #372 ), #373 );
#54 = STYLED_ITEM( '', ( #374 ), #375 );
#55 = STYLED_ITEM( '', ( #376 ), #377 );
#56 = STYLED_ITEM( '', ( #378 ), #379 );
#57 = STYLED_ITEM( '', ( #380 ), #381 );
#58 = STYLED_ITEM( '', ( #382 ), #383 );
#59 = STYLED_ITEM( '', ( #384 ), #385 );
#60 = STYLED_ITEM( '', ( #386 ), #387 );
#61 = STYLED_ITEM( '', ( #388 ), #389 );
#62 = STYLED_ITEM( '', ( #390 ), #391 );
#63 = STYLED_ITEM( '', ( #392 ), #393 );
#64 = STYLED_ITEM( '', ( #394 ), #395 );
#65 = STYLED_ITEM( '', ( #396 ), #397 );
#66 = STYLED_ITEM( '', ( #398 ), #399 );
#67 = STYLED_ITEM( '', ( #400 ), #401 );
#68 = STYLED_ITEM( '', ( #402 ), #403 );
#69 = STYLED_ITEM( '', ( #404 ), #405 );
#70 = STYLED_ITEM( '', ( #406 ), #407 );
#71 = STYLED_ITEM( '', ( #408 ), #409 );
#72 = STYLED_ITEM( '', ( #410 ), #411 );
#73 = STYLED_ITEM( '', ( #412 ), #413 );
#74 = STYLED_ITEM( '', ( #414 ), #415 );
#75 = STYLED_ITEM( '', ( #416 ), #417 );
#76 = STYLED_ITEM( '', ( #418 ), #419 );
#77 = STYLED_ITEM( '', ( #420 ), #421 );
#78 = STYLED_ITEM( '', ( #422 ), #423 );
#79 = STYLED_ITEM( '', ( #424 ), #425 );
#80 = STYLED_ITEM( '', ( #426 ), #427 );
#81 = STYLED_ITEM( '', ( #428 ), #429 );
#82 = STYLED_ITEM( '', ( #430 ), #431 );
#83 = STYLED_ITEM( '', ( #432 ), #433 );
#84 = STYLED_ITEM( '', ( #434 ), #435 );
#85 = STYLED_ITEM( '', ( #436 ), #437 );
#86 = STYLED_ITEM( '', ( #438 ), #439 );
#87 = STYLED_ITEM( '', ( #440 ), #441 );
#88 = STYLED_ITEM( '', ( #442 ), #443 );
#89 = STYLED_ITEM( '', ( #444 ), #445 );
#90 = STYLED_ITEM( '', ( #446 ), #447 );
#91 = STYLED_ITEM( '', ( #448 ), #449 );
#92 = STYLED_ITEM( '', ( #450 ), #451 );
#93 = STYLED_ITEM( '', ( #452 ), #453 );
#94 = STYLED_ITEM( '', ( #454 ), #455 );
#95 = STYLED_ITEM( '', ( #456 ), #457 );
#96 = STYLED_ITEM( '', ( #458 ), #459 );
#97 = STYLED_ITEM( '', ( #460 ), #461 );
#98 = STYLED_ITEM( '', ( #462 ), #463 );
#99 = STYLED_ITEM( '', ( #464 ), #465 );
#100 = STYLED_ITEM( '', ( #466 ), #467 );
#101 = STYLED_ITEM( '', ( #468 ), #469 );
#102 = STYLED_ITEM( '', ( #470 ), #471 );
#103 = STYLED_ITEM( '', ( #472 ), #473 );
#104 = STYLED_ITEM( '', ( #474 ), #475 );
#105 = STYLED_ITEM( '', ( #476 ), #477 );
#106 = STYLED_ITEM( '', ( #478 ), #479 );
#107 = STYLED_ITEM( '', ( #480 ), #481 );
#108 = STYLED_ITEM( '', ( #482 ), #483 );
#109 = STYLED_ITEM( '', ( #484 ), #485 );
#110 = STYLED_ITEM( '', ( #486 ), #487 );
#111 = STYLED_ITEM( '', ( #488 ), #489 );
#112 = STYLED_ITEM( '', ( #490 ), #491 );
#113 = STYLED_ITEM( '', ( #492 ), #493 );
#114 = STYLED_ITEM( '', ( #494 ), #495 );
#115 = STYLED_ITEM( '', ( #496 ), #497 );
#116 = STYLED_ITEM( '', ( #498 ), #499 );
#117 = STYLED_ITEM( '', ( #500 ), #501 );
#118 = STYLED_ITEM( '', ( #502 ), #503 );
#119 = STYLED_ITEM( '', ( #504 ), #505 );
#120 = STYLED_ITEM( '', ( #506 ), #507 );
#121 = STYLED_ITEM( '', ( #508 ), #509 );
#122 = STYLED_ITEM( '', ( #510 ), #511 );
#123 = STYLED_ITEM( '', ( #512 ), #513 );
#124 = STYLED_ITEM( '', ( #514 ), #515 );
#125 = STYLED_ITEM( '', ( #516 ), #517 );
#126 = STYLED_ITEM( '', ( #518 ), #519 );
#127 = STYLED_ITEM( '', ( #520 ), #521 );
#128 = STYLED_ITEM( '', ( #522 ), #523 );
#129 = STYLED_ITEM( '', ( #524 ), #525 );
#130 = STYLED_ITEM( '', ( #526 ), #527 );
#131 = STYLED_ITEM( '', ( #528 ), #529 );
#132 = STYLED_ITEM( '', ( #530 ), #531 );
#133 = STYLED_ITEM( '', ( #532 ), #533 );
#134 = STYLED_ITEM( '', ( #534 ), #535 );
#135 = STYLED_ITEM( '', ( #536 ), #537 );
#136 = STYLED_ITEM( '', ( #538 ), #539 );
#137 = STYLED_ITEM( '', ( #540 ), #541 );
#138 = STYLED_ITEM( '', ( #542 ), #543 );
#139 = STYLED_ITEM( '', ( #544 ), #545 );
#140 = STYLED_ITEM( '', ( #546 ), #547 );
#141 = STYLED_ITEM( '', ( #548 ), #549 );
#142 = STYLED_ITEM( '', ( #550 ), #551 );
#143 = STYLED_ITEM( '', ( #552 ), #553 );
#144 = STYLED_ITEM( '', ( #554 ), #555 );
#145 = STYLED_ITEM( '', ( #556 ), #557 );
#146 = STYLED_ITEM( '', ( #558 ), #559 );
#147 = STYLED_ITEM( '', ( #560 ), #561 );
#148 = STYLED_ITEM( '', ( #562 ), #563 );
#149 = STYLED_ITEM( '', ( #564 ), #565 );
#150 = STYLED_ITEM( '', ( #566 ), #567 );
#151 = STYLED_ITEM( '', ( #568 ), #569 );
#152 = STYLED_ITEM( '', ( #570 ), #571 );
#153 = STYLED_ITEM( '', ( #572 ), #573 );
#154 = STYLED_ITEM( '', ( #574 ), #575 );
#155 = STYLED_ITEM( '', ( #576 ), #577 );
#156 = STYLED_ITEM( '', ( #578 ), #579 );
#157 = STYLED_ITEM( '', ( #580 ), #581 );
#158 = STYLED_ITEM( '', ( #582 ), #583 );
#159 = STYLED_ITEM( '', ( #584 ), #585 );
#160 = STYLED_ITEM( '', ( #586 ), #587 );
#161 = STYLED_ITEM( '', ( #588 ), #589 );
#162 = STYLED_ITEM( '', ( #590 ), #591 );
#163 = STYLED_ITEM( '', ( #592 ), #593 );
#164 = STYLED_ITEM( '', ( #594 ), #595 );
#165 = STYLED_ITEM( '', ( #596 ), #597 );
#166 = STYLED_ITEM( '', ( #598 ), #599 );
#167 = STYLED_ITEM( '', ( #600 ), #601 );
#168 = STYLED_ITEM( '', ( #602 ), #603 );
#169 = STYLED_ITEM( '', ( #604 ), #605 );
#170 = STYLED_ITEM( '', ( #606 ), #607 );
#171 = STYLED_ITEM( '', ( #608 ), #609 );
#172 = STYLED_ITEM( '', ( #610 ), #611 );
#173 = STYLED_ITEM( '', ( #612 ), #613 );
#174 = STYLED_ITEM( '', ( #614 ), #615 );
#175 = STYLED_ITEM( '', ( #616 ), #617 );
#176 = STYLED_ITEM( '', ( #618 ), #619 );
#177 = STYLED_ITEM( '', ( #620 ), #621 );
#178 = STYLED_ITEM( '', ( #622 ), #623 );
#179 = STYLED_ITEM( '', ( #624 ), #625 );
#180 = STYLED_ITEM( '', ( #626 ), #627 );
#181 = STYLED_ITEM( '', ( #628 ), #629 );
#182 = STYLED_ITEM( '', ( #630 ), #631 );
#183 = STYLED_ITEM( '', ( #632 ), #633 );
#184 = STYLED_ITEM( '', ( #634 ), #635 );
#185 = STYLED_ITEM( '', ( #636 ), #637 );
#186 = STYLED_ITEM( '', ( #638 ), #639 );
#187 = STYLED_ITEM( '', ( #640 ), #641 );
#188 = STYLED_ITEM( '', ( #642 ), #643 );
#189 = STYLED_ITEM( '', ( #644 ), #645 );
#190 = STYLED_ITEM( '', ( #646 ), #647 );
#191 = STYLED_ITEM( '', ( #648 ), #649 );
#192 = STYLED_ITEM( '', ( #650 ), #651 );
#193 = STYLED_ITEM( '', ( #652 ), #653 );
#194 = STYLED_ITEM( '', ( #654 ), #655 );
#195 = STYLED_ITEM( '', ( #656 ), #657 );
#196 = STYLED_ITEM( '', ( #658 ), #659 );
#197 = STYLED_ITEM( '', ( #660 ), #661 );
#198 = STYLED_ITEM( '', ( #662 ), #663 );
#199 = STYLED_ITEM( '', ( #664 ), #665 );
#200 = STYLED_ITEM( '', ( #666 ), #667 );
#201 = STYLED_ITEM( '', ( #668 ), #669 );
#202 = STYLED_ITEM( '', ( #670 ), #671 );
#203 = STYLED_ITEM( '', ( #672 ), #673 );
#204 = STYLED_ITEM( '', ( #674 ), #675 );
#205 = STYLED_ITEM( '', ( #676 ), #677 );
#206 = STYLED_ITEM( '', ( #678 ), #679 );
#207 = STYLED_ITEM( '', ( #680 ), #681 );
#208 = STYLED_ITEM( '', ( #682 ), #683 );
#209 = STYLED_ITEM( '', ( #684 ), #685 );
#210 = STYLED_ITEM( '', ( #686 ), #687 );
#211 = STYLED_ITEM( '', ( #688 ), #689 );
#212 = STYLED_ITEM( '', ( #690 ), #691 );
#213 = STYLED_ITEM( '', ( #692 ), #693 );
#214 = STYLED_ITEM( '', ( #694 ), #695 );
#215 = STYLED_ITEM( '', ( #696 ), #697 );
#216 = STYLED_ITEM( '', ( #698 ), #699 );
#217 = STYLED_ITEM( '', ( #700 ), #701 );
#218 = STYLED_ITEM( '', ( #702 ), #703 );
#219 = STYLED_ITEM( '', ( #704 ), #705 );
#220 = STYLED_ITEM( '', ( #706 ), #707 );
#221 = STYLED_ITEM( '', ( #708 ), #709 );
#222 = STYLED_ITEM( '', ( #710 ), #711 );
#223 = STYLED_ITEM( '', ( #712 ), #713 );
#224 = STYLED_ITEM( '', ( #714 ), #715 );
#225 = STYLED_ITEM( '', ( #716 ), #717 );
#226 = STYLED_ITEM( '', ( #718 ), #719 );
#227 = STYLED_ITEM( '', ( #720 ), #721 );
#228 = STYLED_ITEM( '', ( #722 ), #723 );
#229 = STYLED_ITEM( '', ( #724 ), #725 );
#230 = STYLED_ITEM( '', ( #726 ), #727 );
#231 = STYLED_ITEM( '', ( #728 ), #729 );
#232 = STYLED_ITEM( '', ( #730 ), #731 );
#233 = STYLED_ITEM( '', ( #732 ), #733 );
#234 = STYLED_ITEM( '', ( #734 ), #735 );
#235 = STYLED_ITEM( '', ( #736 ), #737 );
#236 = STYLED_ITEM( '', ( #738 ), #739 );
#237 = STYLED_ITEM( '', ( #740 ), #741 );
#238 = STYLED_ITEM( '', ( #742 ), #743 );
#239 = STYLED_ITEM( '', ( #744 ), #745 );
#240 = STYLED_ITEM( '', ( #746 ), #747 );
#241 = STYLED_ITEM( '', ( #748 ), #749 );
#242 = STYLED_ITEM( '', ( #750 ), #751 );
#243 = STYLED_ITEM( '', ( #752 ), #753 );
#244 = STYLED_ITEM( '', ( #754 ), #755 );
#245 = STYLED_ITEM( '', ( #756 ), #757 );
#246 = STYLED_ITEM( '', ( #758 ), #759 );
#247 = STYLED_ITEM( '', ( #760 ), #761 );
#248 = STYLED_ITEM( '', ( #762 ), #763 );
#249 = STYLED_ITEM( '', ( #764 ), #765 );
#250 = STYLED_ITEM( '', ( #766 ), #767 );
#251 = STYLED_ITEM( '', ( #768 ), #769 );
#252 = STYLED_ITEM( '', ( #770 ), #771 );
#253 = STYLED_ITEM( '', ( #772 ), #773 );
#254 = STYLED_ITEM( '', ( #774 ), #775 );
#255 = STYLED_ITEM( '', ( #776 ), #777 );
#256 = STYLED_ITEM( '', ( #778 ), #779 );
#257 = STYLED_ITEM( '', ( #780 ), #781 );
#258 = STYLED_ITEM( '', ( #782 ), #783 );
#259 = STYLED_ITEM( '', ( #784 ), #785 );
#260 = STYLED_ITEM( '', ( #786 ), #787 );
#261 = STYLED_ITEM( '', ( #788 ), #789 );
#262 = STYLED_ITEM( '', ( #790 ), #791 );
#263 = STYLED_ITEM( '', ( #792 ), #793 );
#264 = STYLED_ITEM( '', ( #794 ), #795 );
#265 = STYLED_ITEM( '', ( #796 ), #797 );
#266 = STYLED_ITEM( '', ( #798 ), #799 );
#267 = STYLED_ITEM( '', ( #800 ), #801 );
#268 = STYLED_ITEM( '', ( #802 ), #803 );
#269 = STYLED_ITEM( '', ( #804 ), #805 );
#270 = STYLED_ITEM( '', ( #806 ), #807 );
#271 = STYLED_ITEM( '', ( #808 ), #809 );
#272 = STYLED_ITEM( '', ( #810 ), #811 );
#273 = APPLICATION_CONTEXT( 'core data for automotive mechanical design processes' );
#274 = PRODUCT_CATEGORY( 'part', 'NONE' );
#275 = PRODUCT_RELATED_PRODUCT_CATEGORY( 'detail', ' ', ( #812 ) );
#276 = PRODUCT_DEFINITION_SHAPE( 'NONE', 'NONE', #813 );
#277 = ADVANCED_BREP_SHAPE_REPRESENTATION( 'Open CASCADE STEP translator 6.8 3', ( #814, #815 ), #6 );
#280 = UNCERTAINTY_MEASURE_WITH_UNIT( LENGTH_MEASURE( 1.00000000000000E-06 ), #282, '', '' );
#282 =  ( CONVERSION_BASED_UNIT( 'METRE', #818 )LENGTH_UNIT(  )NAMED_UNIT( #821 ) );
#283 =  ( NAMED_UNIT( #823 )PLANE_ANGLE_UNIT(  )SI_UNIT( $, .RADIAN. ) );
#284 =  ( NAMED_UNIT( #823 )SI_UNIT( $, .STERADIAN. )SOLID_ANGLE_UNIT(  ) );
#286 = PRESENTATION_STYLE_ASSIGNMENT( ( #829 ) );
#287 = ADVANCED_FACE( '', ( #830 ), #831, .F. );
#288 = PRESENTATION_STYLE_ASSIGNMENT( ( #832 ) );
#289 = ADVANCED_FACE( '', ( #833 ), #834, .T. );
#290 = PRESENTATION_STYLE_ASSIGNMENT( ( #835 ) );
#291 = EDGE_CURVE( '', #836, #837, #838, .T. );
#292 = PRESENTATION_STYLE_ASSIGNMENT( ( #839 ) );
#293 = EDGE_CURVE( '', #840, #841, #842, .T. );
#294 = PRESENTATION_STYLE_ASSIGNMENT( ( #843 ) );
#295 = ADVANCED_FACE( '', ( #844 ), #845, .F. );
#296 = PRESENTATION_STYLE_ASSIGNMENT( ( #846 ) );
#297 = ADVANCED_FACE( '', ( #847 ), #848, .T. );
#298 = PRESENTATION_STYLE_ASSIGNMENT( ( #849 ) );
#299 = EDGE_CURVE( '', #850, #851, #852, .T. );
#300 = PRESENTATION_STYLE_ASSIGNMENT( ( #853 ) );
#301 = EDGE_CURVE( '', #854, #855, #856, .T. );
#302 = PRESENTATION_STYLE_ASSIGNMENT( ( #857 ) );
#303 = EDGE_CURVE( '', #858, #859, #860, .T. );
#304 = PRESENTATION_STYLE_ASSIGNMENT( ( #861 ) );
#305 = EDGE_CURVE( '', #862, #863, #864, .T. );
#306 = PRESENTATION_STYLE_ASSIGNMENT( ( #865 ) );
#307 = ADVANCED_FACE( '', ( #866 ), #867, .F. );
#308 = PRESENTATION_STYLE_ASSIGNMENT( ( #868 ) );
#309 = ADVANCED_FACE( '', ( #869, #870, #871, #872, #873, #874, #875 ), #876, .F. );
#310 = PRESENTATION_STYLE_ASSIGNMENT( ( #877 ) );
#311 = ADVANCED_FACE( '', ( #878 ), #879, .T. );
#312 = PRESENTATION_STYLE_ASSIGNMENT( ( #880 ) );
#313 = EDGE_CURVE( '', #881, #882, #883, .T. );
#314 = PRESENTATION_STYLE_ASSIGNMENT( ( #884 ) );
#315 = EDGE_CURVE( '', #885, #886, #887, .T. );
#316 = PRESENTATION_STYLE_ASSIGNMENT( ( #888 ) );
#317 = EDGE_CURVE( '', #889, #890, #891, .T. );
#318 = PRESENTATION_STYLE_ASSIGNMENT( ( #892 ) );
#319 = EDGE_CURVE( '', #893, #894, #895, .T. );
#320 = PRESENTATION_STYLE_ASSIGNMENT( ( #896 ) );
#321 = ADVANCED_FACE( '', ( #897 ), #898, .F. );
#322 = PRESENTATION_STYLE_ASSIGNMENT( ( #899 ) );
#323 = EDGE_CURVE( '', #900, #901, #902, .T. );
#324 = PRESENTATION_STYLE_ASSIGNMENT( ( #903 ) );
#325 = EDGE_CURVE( '', #904, #905, #906, .T. );
#326 = PRESENTATION_STYLE_ASSIGNMENT( ( #907 ) );
#327 = EDGE_CURVE( '', #890, #908, #909, .T. );
#328 = PRESENTATION_STYLE_ASSIGNMENT( ( #910 ) );
#329 = EDGE_CURVE( '', #911, #912, #913, .T. );
#330 = PRESENTATION_STYLE_ASSIGNMENT( ( #914 ) );
#331 = EDGE_CURVE( '', #915, #893, #916, .T. );
#332 = PRESENTATION_STYLE_ASSIGNMENT( ( #917 ) );
#333 = EDGE_CURVE( '', #918, #919, #920, .T. );
#334 = PRESENTATION_STYLE_ASSIGNMENT( ( #921 ) );
#335 = EDGE_CURVE( '', #836, #922, #923, .T. );
#336 = PRESENTATION_STYLE_ASSIGNMENT( ( #924 ) );
#337 = ADVANCED_FACE( '', ( #925 ), #926, .F. );
#338 = PRESENTATION_STYLE_ASSIGNMENT( ( #927 ) );
#339 = ADVANCED_FACE( '', ( #928 ), #929, .F. );
#340 = PRESENTATION_STYLE_ASSIGNMENT( ( #930 ) );
#341 = ADVANCED_FACE( '', ( #931 ), #932, .F. );
#342 = PRESENTATION_STYLE_ASSIGNMENT( ( #933 ) );
#343 = EDGE_CURVE( '', #934, #905, #935, .T. );
#344 = PRESENTATION_STYLE_ASSIGNMENT( ( #936 ) );
#345 = ADVANCED_FACE( '', ( #937 ), #938, .F. );
#346 = PRESENTATION_STYLE_ASSIGNMENT( ( #939 ) );
#347 = EDGE_CURVE( '', #940, #941, #942, .T. );
#348 = PRESENTATION_STYLE_ASSIGNMENT( ( #943 ) );
#349 = EDGE_CURVE( '', #944, #945, #946, .T. );
#350 = PRESENTATION_STYLE_ASSIGNMENT( ( #947 ) );
#351 = EDGE_CURVE( '', #948, #949, #950, .T. );
#352 = PRESENTATION_STYLE_ASSIGNMENT( ( #951 ) );
#353 = EDGE_CURVE( '', #952, #953, #954, .T. );
#354 = PRESENTATION_STYLE_ASSIGNMENT( ( #955 ) );
#355 = EDGE_CURVE( '', #949, #918, #956, .T. );
#356 = PRESENTATION_STYLE_ASSIGNMENT( ( #957 ) );
#357 = ADVANCED_FACE( '', ( #958 ), #959, .F. );
#358 = PRESENTATION_STYLE_ASSIGNMENT( ( #960 ) );
#359 = ADVANCED_FACE( '', ( #961, #962 ), #963, .F. );
#360 = PRESENTATION_STYLE_ASSIGNMENT( ( #964 ) );
#361 = EDGE_CURVE( '', #965, #966, #967, .T. );
#362 = PRESENTATION_STYLE_ASSIGNMENT( ( #968 ) );
#363 = EDGE_CURVE( '', #969, #970, #971, .T. );
#364 = PRESENTATION_STYLE_ASSIGNMENT( ( #972 ) );
#365 = ADVANCED_FACE( '', ( #973 ), #974, .F. );
#366 = PRESENTATION_STYLE_ASSIGNMENT( ( #975 ) );
#367 = EDGE_CURVE( '', #976, #977, #978, .T. );
#368 = PRESENTATION_STYLE_ASSIGNMENT( ( #979 ) );
#369 = ADVANCED_FACE( '', ( #980 ), #981, .T. );
#370 = PRESENTATION_STYLE_ASSIGNMENT( ( #982 ) );
#371 = ADVANCED_FACE( '', ( #983 ), #984, .F. );
#372 = PRESENTATION_STYLE_ASSIGNMENT( ( #985 ) );
#373 = EDGE_CURVE( '', #986, #987, #988, .T. );
#374 = PRESENTATION_STYLE_ASSIGNMENT( ( #989 ) );
#375 = EDGE_CURVE( '', #977, #969, #990, .T. );
#376 = PRESENTATION_STYLE_ASSIGNMENT( ( #991 ) );
#377 = ADVANCED_FACE( '', ( #992 ), #993, .F. );
#378 = PRESENTATION_STYLE_ASSIGNMENT( ( #994 ) );
#379 = EDGE_CURVE( '', #995, #863, #996, .T. );
#380 = PRESENTATION_STYLE_ASSIGNMENT( ( #997 ) );
#381 = ADVANCED_FACE( '', ( #998 ), #999, .T. );
#382 = PRESENTATION_STYLE_ASSIGNMENT( ( #1000 ) );
#383 = ADVANCED_FACE( '', ( #1001 ), #1002, .T. );
#384 = PRESENTATION_STYLE_ASSIGNMENT( ( #1003 ) );
#385 = ADVANCED_FACE( '', ( #1004 ), #1005, .F. );
#386 = PRESENTATION_STYLE_ASSIGNMENT( ( #1006 ) );
#387 = EDGE_CURVE( '', #1007, #1008, #1009, .T. );
#388 = PRESENTATION_STYLE_ASSIGNMENT( ( #1010 ) );
#389 = ADVANCED_FACE( '', ( #1011 ), #1012, .F. );
#390 = PRESENTATION_STYLE_ASSIGNMENT( ( #1013 ) );
#391 = EDGE_CURVE( '', #1014, #1015, #1016, .T. );
#392 = PRESENTATION_STYLE_ASSIGNMENT( ( #1017 ) );
#393 = ADVANCED_FACE( '', ( #1018 ), #1019, .F. );
#394 = PRESENTATION_STYLE_ASSIGNMENT( ( #1020 ) );
#395 = ADVANCED_FACE( '', ( #1021 ), #1022, .F. );
#396 = PRESENTATION_STYLE_ASSIGNMENT( ( #1023 ) );
#397 = ADVANCED_FACE( '', ( #1024 ), #1025, .F. );
#398 = PRESENTATION_STYLE_ASSIGNMENT( ( #1026 ) );
#399 = EDGE_CURVE( '', #1027, #881, #1028, .T. );
#400 = PRESENTATION_STYLE_ASSIGNMENT( ( #1029 ) );
#401 = EDGE_CURVE( '', #1030, #1031, #1032, .T. );
#402 = PRESENTATION_STYLE_ASSIGNMENT( ( #1033 ) );
#403 = EDGE_CURVE( '', #1034, #1035, #1036, .T. );
#404 = PRESENTATION_STYLE_ASSIGNMENT( ( #1037 ) );
#405 = EDGE_CURVE( '', #1038, #1039, #1040, .T. );
#406 = PRESENTATION_STYLE_ASSIGNMENT( ( #1041 ) );
#407 = EDGE_CURVE( '', #1042, #1043, #1044, .T. );
#408 = PRESENTATION_STYLE_ASSIGNMENT( ( #1045 ) );
#409 = EDGE_CURVE( '', #1046, #1047, #1048, .T. );
#410 = PRESENTATION_STYLE_ASSIGNMENT( ( #1049 ) );
#411 = EDGE_CURVE( '', #970, #1050, #1051, .T. );
#412 = PRESENTATION_STYLE_ASSIGNMENT( ( #1052 ) );
#413 = ADVANCED_FACE( '', ( #1053 ), #1054, .T. );
#414 = PRESENTATION_STYLE_ASSIGNMENT( ( #1055 ) );
#415 = EDGE_CURVE( '', #1056, #1057, #1058, .T. );
#416 = PRESENTATION_STYLE_ASSIGNMENT( ( #1059 ) );
#417 = EDGE_CURVE( '', #1060, #977, #1061, .T. );
#418 = PRESENTATION_STYLE_ASSIGNMENT( ( #1062 ) );
#419 = EDGE_CURVE( '', #1063, #1060, #1064, .T. );
#420 = PRESENTATION_STYLE_ASSIGNMENT( ( #1065 ) );
#421 = EDGE_CURVE( '', #1066, #918, #1067, .T. );
#422 = PRESENTATION_STYLE_ASSIGNMENT( ( #1068 ) );
#423 = EDGE_CURVE( '', #858, #952, #1069, .T. );
#424 = PRESENTATION_STYLE_ASSIGNMENT( ( #1070 ) );
#425 = EDGE_CURVE( '', #934, #840, #1071, .T. );
#426 = PRESENTATION_STYLE_ASSIGNMENT( ( #1072 ) );
#427 = EDGE_CURVE( '', #1073, #944, #1074, .T. );
#428 = PRESENTATION_STYLE_ASSIGNMENT( ( #1075 ) );
#429 = EDGE_CURVE( '', #1076, #1077, #1078, .T. );
#430 = PRESENTATION_STYLE_ASSIGNMENT( ( #1079 ) );
#431 = EDGE_CURVE( '', #1080, #1081, #1082, .T. );
#432 = PRESENTATION_STYLE_ASSIGNMENT( ( #1083 ) );
#433 = ADVANCED_FACE( '', ( #1084 ), #1085, .F. );
#434 = PRESENTATION_STYLE_ASSIGNMENT( ( #1086 ) );
#435 = ADVANCED_FACE( '', ( #1087 ), #1088, .F. );
#436 = PRESENTATION_STYLE_ASSIGNMENT( ( #1089 ) );
#437 = EDGE_CURVE( '', #1090, #1091, #1092, .T. );
#438 = PRESENTATION_STYLE_ASSIGNMENT( ( #1093 ) );
#439 = EDGE_CURVE( '', #949, #1094, #1095, .T. );
#440 = PRESENTATION_STYLE_ASSIGNMENT( ( #1096 ) );
#441 = EDGE_CURVE( '', #886, #889, #1097, .T. );
#442 = PRESENTATION_STYLE_ASSIGNMENT( ( #1098 ) );
#443 = EDGE_CURVE( '', #1099, #1034, #1100, .T. );
#444 = PRESENTATION_STYLE_ASSIGNMENT( ( #1101 ) );
#445 = ADVANCED_FACE( '', ( #1102 ), #1103, .F. );
#446 = PRESENTATION_STYLE_ASSIGNMENT( ( #1104 ) );
#447 = EDGE_CURVE( '', #1105, #1106, #1107, .T. );
#448 = PRESENTATION_STYLE_ASSIGNMENT( ( #1108 ) );
#449 = EDGE_CURVE( '', #1109, #1110, #1111, .T. );
#450 = PRESENTATION_STYLE_ASSIGNMENT( ( #1112 ) );
#451 = ADVANCED_FACE( '', ( #1113 ), #1114, .F. );
#452 = PRESENTATION_STYLE_ASSIGNMENT( ( #1115 ) );
#453 = EDGE_CURVE( '', #882, #1116, #1117, .T. );
#454 = PRESENTATION_STYLE_ASSIGNMENT( ( #1118 ) );
#455 = ADVANCED_FACE( '', ( #1119 ), #1120, .F. );
#456 = PRESENTATION_STYLE_ASSIGNMENT( ( #1121 ) );
#457 = EDGE_CURVE( '', #1122, #1123, #1124, .T. );
#458 = PRESENTATION_STYLE_ASSIGNMENT( ( #1125 ) );
#459 = EDGE_CURVE( '', #1126, #1127, #1128, .T. );
#460 = PRESENTATION_STYLE_ASSIGNMENT( ( #1129 ) );
#461 = EDGE_CURVE( '', #885, #1090, #1130, .T. );
#462 = PRESENTATION_STYLE_ASSIGNMENT( ( #1131 ) );
#463 = EDGE_CURVE( '', #862, #1063, #1132, .T. );
#464 = PRESENTATION_STYLE_ASSIGNMENT( ( #1133 ) );
#465 = EDGE_CURVE( '', #1057, #1056, #1134, .T. );
#466 = PRESENTATION_STYLE_ASSIGNMENT( ( #1135 ) );
#467 = EDGE_CURVE( '', #1136, #1042, #1137, .T. );
#468 = PRESENTATION_STYLE_ASSIGNMENT( ( #1138 ) );
#469 = EDGE_CURVE( '', #922, #1139, #1140, .T. );
#470 = PRESENTATION_STYLE_ASSIGNMENT( ( #1141 ) );
#471 = EDGE_CURVE( '', #854, #911, #1142, .T. );
#472 = PRESENTATION_STYLE_ASSIGNMENT( ( #1143 ) );
#473 = EDGE_CURVE( '', #1144, #1145, #1146, .T. );
#474 = PRESENTATION_STYLE_ASSIGNMENT( ( #1147 ) );
#475 = EDGE_CURVE( '', #1148, #969, #1149, .T. );
#476 = PRESENTATION_STYLE_ASSIGNMENT( ( #1150 ) );
#477 = ADVANCED_FACE( '', ( #1151 ), #1152, .F. );
#478 = PRESENTATION_STYLE_ASSIGNMENT( ( #1153 ) );
#479 = EDGE_CURVE( '', #1080, #940, #1154, .T. );
#480 = PRESENTATION_STYLE_ASSIGNMENT( ( #1155 ) );
#481 = EDGE_CURVE( '', #1105, #1106, #1156, .T. );
#482 = PRESENTATION_STYLE_ASSIGNMENT( ( #1157 ) );
#483 = ADVANCED_FACE( '', ( #1158 ), #1159, .F. );
#484 = PRESENTATION_STYLE_ASSIGNMENT( ( #1160 ) );
#485 = EDGE_CURVE( '', #1161, #945, #1162, .T. );
#486 = PRESENTATION_STYLE_ASSIGNMENT( ( #1163 ) );
#487 = EDGE_CURVE( '', #850, #970, #1164, .T. );
#488 = PRESENTATION_STYLE_ASSIGNMENT( ( #1165 ) );
#489 = EDGE_CURVE( '', #1166, #1167, #1168, .T. );
#490 = PRESENTATION_STYLE_ASSIGNMENT( ( #1169 ) );
#491 = EDGE_CURVE( '', #894, #1170, #1171, .T. );
#492 = PRESENTATION_STYLE_ASSIGNMENT( ( #1172 ) );
#493 = EDGE_CURVE( '', #859, #1099, #1173, .T. );
#494 = PRESENTATION_STYLE_ASSIGNMENT( ( #1174 ) );
#495 = EDGE_CURVE( '', #1175, #1176, #1177, .T. );
#496 = PRESENTATION_STYLE_ASSIGNMENT( ( #1178 ) );
#497 = EDGE_CURVE( '', #945, #952, #1179, .T. );
#498 = PRESENTATION_STYLE_ASSIGNMENT( ( #1180 ) );
#499 = EDGE_CURVE( '', #908, #1181, #1182, .T. );
#500 = PRESENTATION_STYLE_ASSIGNMENT( ( #1183 ) );
#501 = EDGE_CURVE( '', #863, #976, #1184, .T. );
#502 = PRESENTATION_STYLE_ASSIGNMENT( ( #1185 ) );
#503 = EDGE_CURVE( '', #1042, #1186, #1187, .T. );
#504 = PRESENTATION_STYLE_ASSIGNMENT( ( #1188 ) );
#505 = EDGE_CURVE( '', #919, #1110, #1189, .T. );
#506 = PRESENTATION_STYLE_ASSIGNMENT( ( #1190 ) );
#507 = ADVANCED_FACE( '', ( #1191 ), #1192, .F. );
#508 = PRESENTATION_STYLE_ASSIGNMENT( ( #1193 ) );
#509 = EDGE_CURVE( '', #901, #1194, #1195, .T. );
#510 = PRESENTATION_STYLE_ASSIGNMENT( ( #1196 ) );
#511 = EDGE_CURVE( '', #986, #1197, #1198, .T. );
#512 = PRESENTATION_STYLE_ASSIGNMENT( ( #1199 ) );
#513 = EDGE_CURVE( '', #1145, #1175, #1200, .T. );
#514 = PRESENTATION_STYLE_ASSIGNMENT( ( #1201 ) );
#515 = EDGE_CURVE( '', #966, #1077, #1202, .T. );
#516 = PRESENTATION_STYLE_ASSIGNMENT( ( #1203 ) );
#517 = ADVANCED_FACE( '', ( #1204 ), #1205, .T. );
#518 = PRESENTATION_STYLE_ASSIGNMENT( ( #1206 ) );
#519 = EDGE_CURVE( '', #1035, #1207, #1208, .T. );
#520 = PRESENTATION_STYLE_ASSIGNMENT( ( #1209 ) );
#521 = EDGE_CURVE( '', #1063, #976, #1210, .T. );
#522 = PRESENTATION_STYLE_ASSIGNMENT( ( #1211 ) );
#523 = ADVANCED_FACE( '', ( #1212 ), #1213, .F. );
#524 = PRESENTATION_STYLE_ASSIGNMENT( ( #1214 ) );
#525 = EDGE_CURVE( '', #953, #1215, #1216, .T. );
#526 = PRESENTATION_STYLE_ASSIGNMENT( ( #1217 ) );
#527 = EDGE_CURVE( '', #840, #1218, #1219, .T. );
#528 = PRESENTATION_STYLE_ASSIGNMENT( ( #1220 ) );
#529 = EDGE_CURVE( '', #1008, #855, #1221, .T. );
#530 = PRESENTATION_STYLE_ASSIGNMENT( ( #1222 ) );
#531 = EDGE_CURVE( '', #855, #1223, #1224, .T. );
#532 = PRESENTATION_STYLE_ASSIGNMENT( ( #1225 ) );
#533 = EDGE_CURVE( '', #1226, #1227, #1228, .T. );
#534 = PRESENTATION_STYLE_ASSIGNMENT( ( #1229 ) );
#535 = EDGE_CURVE( '', #1081, #1230, #1231, .T. );
#536 = PRESENTATION_STYLE_ASSIGNMENT( ( #1232 ) );
#537 = EDGE_CURVE( '', #1233, #1233, #1234, .T. );
#538 = PRESENTATION_STYLE_ASSIGNMENT( ( #1235 ) );
#539 = EDGE_CURVE( '', #1106, #965, #1236, .T. );
#540 = PRESENTATION_STYLE_ASSIGNMENT( ( #1237 ) );
#541 = EDGE_CURVE( '', #1139, #987, #1238, .T. );
#542 = PRESENTATION_STYLE_ASSIGNMENT( ( #1239 ) );
#543 = ADVANCED_FACE( '', ( #1240 ), #1241, .F. );
#544 = PRESENTATION_STYLE_ASSIGNMENT( ( #1242 ) );
#545 = EDGE_CURVE( '', #1076, #965, #1243, .T. );
#546 = PRESENTATION_STYLE_ASSIGNMENT( ( #1244 ) );
#547 = EDGE_CURVE( '', #1245, #1186, #1246, .T. );
#548 = PRESENTATION_STYLE_ASSIGNMENT( ( #1247 ) );
#549 = EDGE_CURVE( '', #1136, #1245, #1248, .T. );
#550 = PRESENTATION_STYLE_ASSIGNMENT( ( #1249 ) );
#551 = EDGE_CURVE( '', #1250, #1250, #1251, .T. );
#552 = PRESENTATION_STYLE_ASSIGNMENT( ( #1252 ) );
#553 = EDGE_CURVE( '', #1253, #995, #1254, .T. );
#554 = PRESENTATION_STYLE_ASSIGNMENT( ( #1255 ) );
#555 = EDGE_CURVE( '', #1050, #1253, #1256, .T. );
#556 = PRESENTATION_STYLE_ASSIGNMENT( ( #1257 ) );
#557 = EDGE_CURVE( '', #1123, #1258, #1259, .T. );
#558 = PRESENTATION_STYLE_ASSIGNMENT( ( #1260 ) );
#559 = EDGE_CURVE( '', #1126, #1181, #1261, .T. );
#560 = PRESENTATION_STYLE_ASSIGNMENT( ( #1262 ) );
#561 = EDGE_CURVE( '', #941, #1081, #1263, .T. );
#562 = PRESENTATION_STYLE_ASSIGNMENT( ( #1264 ) );
#563 = EDGE_CURVE( '', #1265, #1126, #1266, .T. );
#564 = PRESENTATION_STYLE_ASSIGNMENT( ( #1267 ) );
#565 = EDGE_CURVE( '', #1170, #948, #1268, .T. );
#566 = PRESENTATION_STYLE_ASSIGNMENT( ( #1269 ) );
#567 = ADVANCED_FACE( '', ( #1270 ), #1271, .F. );
#568 = PRESENTATION_STYLE_ASSIGNMENT( ( #1272 ) );
#569 = EDGE_CURVE( '', #1273, #836, #1274, .T. );
#570 = PRESENTATION_STYLE_ASSIGNMENT( ( #1275 ) );
#571 = ADVANCED_FACE( '', ( #1276 ), #1277, .F. );
#572 = PRESENTATION_STYLE_ASSIGNMENT( ( #1278 ) );
#573 = EDGE_CURVE( '', #1015, #1080, #1279, .T. );
#574 = PRESENTATION_STYLE_ASSIGNMENT( ( #1280 ) );
#575 = ADVANCED_FACE( '', ( #1281, #1282 ), #1283, .T. );
#576 = PRESENTATION_STYLE_ASSIGNMENT( ( #1284 ) );
#577 = ADVANCED_FACE( '', ( #1285 ), #1286, .F. );
#578 = PRESENTATION_STYLE_ASSIGNMENT( ( #1287 ) );
#579 = ADVANCED_FACE( '', ( #1288 ), #1289, .T. );
#580 = PRESENTATION_STYLE_ASSIGNMENT( ( #1290 ) );
#581 = ADVANCED_FACE( '', ( #1291 ), #1292, .T. );
#582 = PRESENTATION_STYLE_ASSIGNMENT( ( #1293 ) );
#583 = ADVANCED_FACE( '', ( #1294 ), #1295, .T. );
#584 = PRESENTATION_STYLE_ASSIGNMENT( ( #1296 ) );
#585 = EDGE_CURVE( '', #1186, #1297, #1298, .T. );
#586 = PRESENTATION_STYLE_ASSIGNMENT( ( #1299 ) );
#587 = EDGE_CURVE( '', #1161, #858, #1300, .T. );
#588 = PRESENTATION_STYLE_ASSIGNMENT( ( #1301 ) );
#589 = ADVANCED_FACE( '', ( #1302 ), #1303, .F. );
#590 = PRESENTATION_STYLE_ASSIGNMENT( ( #1304 ) );
#591 = EDGE_CURVE( '', #1194, #886, #1305, .T. );
#592 = PRESENTATION_STYLE_ASSIGNMENT( ( #1306 ) );
#593 = EDGE_CURVE( '', #1090, #889, #1307, .T. );
#594 = PRESENTATION_STYLE_ASSIGNMENT( ( #1308 ) );
#595 = EDGE_CURVE( '', #1309, #1258, #1310, .T. );
#596 = PRESENTATION_STYLE_ASSIGNMENT( ( #1311 ) );
#597 = EDGE_CURVE( '', #1226, #1136, #1312, .T. );
#598 = PRESENTATION_STYLE_ASSIGNMENT( ( #1313 ) );
#599 = ADVANCED_FACE( '', ( #1314 ), #1315, .F. );
#600 = PRESENTATION_STYLE_ASSIGNMENT( ( #1316 ) );
#601 = ADVANCED_FACE( '', ( #1317 ), #1318, .F. );
#602 = PRESENTATION_STYLE_ASSIGNMENT( ( #1319 ) );
#603 = ADVANCED_FACE( '', ( #1320 ), #1321, .T. );
#604 = PRESENTATION_STYLE_ASSIGNMENT( ( #1322 ) );
#605 = EDGE_CURVE( '', #987, #904, #1323, .T. );
#606 = PRESENTATION_STYLE_ASSIGNMENT( ( #1324 ) );
#607 = EDGE_CURVE( '', #1073, #1161, #1325, .T. );
#608 = PRESENTATION_STYLE_ASSIGNMENT( ( #1326 ) );
#609 = ADVANCED_FACE( '', ( #1327 ), #1328, .F. );
#610 = PRESENTATION_STYLE_ASSIGNMENT( ( #1329 ) );
#611 = ADVANCED_FACE( '', ( #1330 ), #1331, .T. );
#612 = PRESENTATION_STYLE_ASSIGNMENT( ( #1332 ) );
#613 = ADVANCED_FACE( '', ( #1333 ), #1334, .F. );
#614 = PRESENTATION_STYLE_ASSIGNMENT( ( #1335 ) );
#615 = EDGE_CURVE( '', #859, #953, #1336, .T. );
#616 = PRESENTATION_STYLE_ASSIGNMENT( ( #1337 ) );
#617 = EDGE_CURVE( '', #1338, #901, #1339, .T. );
#618 = PRESENTATION_STYLE_ASSIGNMENT( ( #1340 ) );
#619 = EDGE_CURVE( '', #1341, #1342, #1343, .T. );
#620 = PRESENTATION_STYLE_ASSIGNMENT( ( #1344 ) );
#621 = EDGE_CURVE( '', #1167, #1007, #1345, .T. );
#622 = PRESENTATION_STYLE_ASSIGNMENT( ( #1346 ) );
#623 = EDGE_CURVE( '', #1273, #1047, #1347, .T. );
#624 = PRESENTATION_STYLE_ASSIGNMENT( ( #1348 ) );
#625 = EDGE_CURVE( '', #1349, #885, #1350, .T. );
#626 = PRESENTATION_STYLE_ASSIGNMENT( ( #1351 ) );
#627 = EDGE_CURVE( '', #1197, #904, #1352, .T. );
#628 = PRESENTATION_STYLE_ASSIGNMENT( ( #1353 ) );
#629 = ADVANCED_FACE( '', ( #1354 ), #1355, .F. );
#630 = PRESENTATION_STYLE_ASSIGNMENT( ( #1356 ) );
#631 = EDGE_CURVE( '', #1057, #940, #1357, .T. );
#632 = PRESENTATION_STYLE_ASSIGNMENT( ( #1358 ) );
#633 = EDGE_CURVE( '', #1060, #1148, #1359, .T. );
#634 = PRESENTATION_STYLE_ASSIGNMENT( ( #1360 ) );
#635 = EDGE_CURVE( '', #1039, #1008, #1361, .T. );
#636 = PRESENTATION_STYLE_ASSIGNMENT( ( #1362 ) );
#637 = EDGE_CURVE( '', #1014, #1027, #1363, .T. );
#638 = PRESENTATION_STYLE_ASSIGNMENT( ( #1364 ) );
#639 = EDGE_CURVE( '', #915, #1144, #1365, .T. );
#640 = PRESENTATION_STYLE_ASSIGNMENT( ( #1366 ) );
#641 = ADVANCED_FACE( '', ( #1367 ), #1368, .T. );
#642 = PRESENTATION_STYLE_ASSIGNMENT( ( #1369 ) );
#643 = EDGE_CURVE( '', #912, #1122, #1370, .T. );
#644 = PRESENTATION_STYLE_ASSIGNMENT( ( #1371 ) );
#645 = EDGE_CURVE( '', #1109, #915, #1372, .T. );
#646 = PRESENTATION_STYLE_ASSIGNMENT( ( #1373 ) );
#647 = ADVANCED_FACE( '', ( #1374 ), #1375, .F. );
#648 = PRESENTATION_STYLE_ASSIGNMENT( ( #1376 ) );
#649 = EDGE_CURVE( '', #1127, #900, #1377, .T. );
#650 = PRESENTATION_STYLE_ASSIGNMENT( ( #1378 ) );
#651 = ADVANCED_FACE( '', ( #1379 ), #1380, .F. );
#652 = PRESENTATION_STYLE_ASSIGNMENT( ( #1381 ) );
#653 = ADVANCED_FACE( '', ( #1382 ), #1383, .F. );
#654 = PRESENTATION_STYLE_ASSIGNMENT( ( #1384 ) );
#655 = EDGE_CURVE( '', #1166, #1038, #1385, .T. );
#656 = PRESENTATION_STYLE_ASSIGNMENT( ( #1386 ) );
#657 = EDGE_CURVE( '', #1181, #900, #1387, .T. );
#658 = PRESENTATION_STYLE_ASSIGNMENT( ( #1388 ) );
#659 = EDGE_CURVE( '', #1215, #1389, #1390, .T. );
#660 = PRESENTATION_STYLE_ASSIGNMENT( ( #1391 ) );
#661 = EDGE_CURVE( '', #1043, #1226, #1392, .T. );
#662 = PRESENTATION_STYLE_ASSIGNMENT( ( #1393 ) );
#663 = EDGE_CURVE( '', #1127, #1338, #1394, .T. );
#664 = PRESENTATION_STYLE_ASSIGNMENT( ( #1395 ) );
#665 = EDGE_CURVE( '', #1338, #1349, #1396, .T. );
#666 = PRESENTATION_STYLE_ASSIGNMENT( ( #1397 ) );
#667 = ADVANCED_FACE( '', ( #1398 ), #1399, .F. );
#668 = PRESENTATION_STYLE_ASSIGNMENT( ( #1400 ) );
#669 = EDGE_CURVE( '', #1265, #908, #1401, .T. );
#670 = PRESENTATION_STYLE_ASSIGNMENT( ( #1402 ) );
#671 = EDGE_CURVE( '', #1403, #1014, #1404, .T. );
#672 = PRESENTATION_STYLE_ASSIGNMENT( ( #1405 ) );
#673 = EDGE_CURVE( '', #851, #1050, #1406, .T. );
#674 = PRESENTATION_STYLE_ASSIGNMENT( ( #1407 ) );
#675 = ADVANCED_FACE( '', ( #1408 ), #1409, .F. );
#676 = PRESENTATION_STYLE_ASSIGNMENT( ( #1410 ) );
#677 = ADVANCED_FACE( '', ( #1411, #1412 ), #1413, .F. );
#678 = PRESENTATION_STYLE_ASSIGNMENT( ( #1414 ) );
#679 = EDGE_CURVE( '', #1116, #1403, #1415, .T. );
#680 = PRESENTATION_STYLE_ASSIGNMENT( ( #1416 ) );
#681 = EDGE_CURVE( '', #912, #1417, #1418, .T. );
#682 = PRESENTATION_STYLE_ASSIGNMENT( ( #1419 ) );
#683 = EDGE_CURVE( '', #1309, #1166, #1420, .T. );
#684 = PRESENTATION_STYLE_ASSIGNMENT( ( #1421 ) );
#685 = EDGE_CURVE( '', #1176, #1066, #1422, .T. );
#686 = PRESENTATION_STYLE_ASSIGNMENT( ( #1423 ) );
#687 = EDGE_CURVE( '', #1227, #1245, #1424, .T. );
#688 = PRESENTATION_STYLE_ASSIGNMENT( ( #1425 ) );
#689 = EDGE_CURVE( '', #1110, #1144, #1426, .T. );
#690 = PRESENTATION_STYLE_ASSIGNMENT( ( #1427 ) );
#691 = EDGE_CURVE( '', #1403, #881, #1428, .T. );
#692 = PRESENTATION_STYLE_ASSIGNMENT( ( #1429 ) );
#693 = EDGE_CURVE( '', #893, #1145, #1430, .T. );
#694 = PRESENTATION_STYLE_ASSIGNMENT( ( #1431 ) );
#695 = EDGE_CURVE( '', #966, #1105, #1432, .T. );
#696 = PRESENTATION_STYLE_ASSIGNMENT( ( #1433 ) );
#697 = EDGE_CURVE( '', #1035, #1341, #1434, .T. );
#698 = PRESENTATION_STYLE_ASSIGNMENT( ( #1435 ) );
#699 = EDGE_CURVE( '', #1031, #862, #1436, .T. );
#700 = PRESENTATION_STYLE_ASSIGNMENT( ( #1437 ) );
#701 = EDGE_CURVE( '', #905, #1218, #1438, .T. );
#702 = PRESENTATION_STYLE_ASSIGNMENT( ( #1439 ) );
#703 = EDGE_CURVE( '', #1034, #1389, #1440, .T. );
#704 = PRESENTATION_STYLE_ASSIGNMENT( ( #1441 ) );
#705 = ADVANCED_FACE( '', ( #1442 ), #1443, .F. );
#706 = PRESENTATION_STYLE_ASSIGNMENT( ( #1444 ) );
#707 = ADVANCED_FACE( '', ( #1445 ), #1446, .F. );
#708 = PRESENTATION_STYLE_ASSIGNMENT( ( #1447 ) );
#709 = EDGE_CURVE( '', #1417, #1309, #1448, .T. );
#710 = PRESENTATION_STYLE_ASSIGNMENT( ( #1449 ) );
#711 = EDGE_CURVE( '', #894, #1175, #1450, .T. );
#712 = PRESENTATION_STYLE_ASSIGNMENT( ( #1451 ) );
#713 = ADVANCED_FACE( '', ( #1452 ), #1453, .F. );
#714 = PRESENTATION_STYLE_ASSIGNMENT( ( #1454 ) );
#715 = EDGE_CURVE( '', #882, #1076, #1455, .T. );
#716 = PRESENTATION_STYLE_ASSIGNMENT( ( #1456 ) );
#717 = EDGE_CURVE( '', #1094, #1109, #1457, .T. );
#718 = PRESENTATION_STYLE_ASSIGNMENT( ( #1458 ) );
#719 = EDGE_CURVE( '', #1043, #1297, #1459, .T. );
#720 = PRESENTATION_STYLE_ASSIGNMENT( ( #1460 ) );
#721 = EDGE_CURVE( '', #841, #1273, #1461, .T. );
#722 = PRESENTATION_STYLE_ASSIGNMENT( ( #1462 ) );
#723 = EDGE_CURVE( '', #1349, #1194, #1463, .T. );
#724 = PRESENTATION_STYLE_ASSIGNMENT( ( #1464 ) );
#725 = EDGE_CURVE( '', #837, #1139, #1465, .T. );
#726 = PRESENTATION_STYLE_ASSIGNMENT( ( #1466 ) );
#727 = EDGE_CURVE( '', #1207, #1342, #1467, .T. );
#728 = PRESENTATION_STYLE_ASSIGNMENT( ( #1468 ) );
#729 = EDGE_CURVE( '', #1197, #934, #1469, .T. );
#730 = PRESENTATION_STYLE_ASSIGNMENT( ( #1470 ) );
#731 = ADVANCED_FACE( '', ( #1471 ), #1472, .F. );
#732 = PRESENTATION_STYLE_ASSIGNMENT( ( #1473 ) );
#733 = ADVANCED_FACE( '', ( #1474 ), #1475, .F. );
#734 = PRESENTATION_STYLE_ASSIGNMENT( ( #1476 ) );
#735 = EDGE_CURVE( '', #1047, #922, #1477, .T. );
#736 = PRESENTATION_STYLE_ASSIGNMENT( ( #1478 ) );
#737 = ADVANCED_FACE( '', ( #1479 ), #1480, .T. );
#738 = PRESENTATION_STYLE_ASSIGNMENT( ( #1481 ) );
#739 = EDGE_CURVE( '', #1099, #1215, #1482, .T. );
#740 = PRESENTATION_STYLE_ASSIGNMENT( ( #1483 ) );
#741 = EDGE_CURVE( '', #837, #986, #1484, .T. );
#742 = PRESENTATION_STYLE_ASSIGNMENT( ( #1485 ) );
#743 = EDGE_CURVE( '', #1077, #1116, #1486, .T. );
#744 = PRESENTATION_STYLE_ASSIGNMENT( ( #1487 ) );
#745 = ADVANCED_FACE( '', ( #1488 ), #1489, .F. );
#746 = PRESENTATION_STYLE_ASSIGNMENT( ( #1490 ) );
#747 = EDGE_CURVE( '', #941, #1056, #1491, .T. );
#748 = PRESENTATION_STYLE_ASSIGNMENT( ( #1492 ) );
#749 = EDGE_CURVE( '', #1148, #850, #1493, .T. );
#750 = PRESENTATION_STYLE_ASSIGNMENT( ( #1494 ) );
#751 = EDGE_CURVE( '', #1230, #1027, #1495, .T. );
#752 = PRESENTATION_STYLE_ASSIGNMENT( ( #1496 ) );
#753 = ADVANCED_FACE( '', ( #1497 ), #1498, .F. );
#754 = PRESENTATION_STYLE_ASSIGNMENT( ( #1499 ) );
#755 = EDGE_CURVE( '', #1417, #1123, #1500, .T. );
#756 = PRESENTATION_STYLE_ASSIGNMENT( ( #1501 ) );
#757 = ADVANCED_FACE( '', ( #1502 ), #1503, .F. );
#758 = PRESENTATION_STYLE_ASSIGNMENT( ( #1504 ) );
#759 = EDGE_CURVE( '', #1258, #1167, #1505, .T. );
#760 = PRESENTATION_STYLE_ASSIGNMENT( ( #1506 ) );
#761 = EDGE_CURVE( '', #1223, #1122, #1507, .T. );
#762 = PRESENTATION_STYLE_ASSIGNMENT( ( #1508 ) );
#763 = EDGE_CURVE( '', #1509, #1509, #1510, .T. );
#764 = PRESENTATION_STYLE_ASSIGNMENT( ( #1511 ) );
#765 = ADVANCED_FACE( '', ( #1512, #1513 ), #1514, .T. );
#766 = PRESENTATION_STYLE_ASSIGNMENT( ( #1515 ) );
#767 = EDGE_CURVE( '', #841, #1046, #1516, .T. );
#768 = PRESENTATION_STYLE_ASSIGNMENT( ( #1517 ) );
#769 = EDGE_CURVE( '', #1031, #995, #1518, .T. );
#770 = PRESENTATION_STYLE_ASSIGNMENT( ( #1519 ) );
#771 = ADVANCED_FACE( '', ( #1520 ), #1521, .F. );
#772 = PRESENTATION_STYLE_ASSIGNMENT( ( #1522 ) );
#773 = EDGE_CURVE( '', #1038, #1007, #1523, .T. );
#774 = PRESENTATION_STYLE_ASSIGNMENT( ( #1524 ) );
#775 = ADVANCED_FACE( '', ( #1525 ), #1526, .T. );
#776 = PRESENTATION_STYLE_ASSIGNMENT( ( #1527 ) );
#777 = EDGE_CURVE( '', #1091, #890, #1528, .T. );
#778 = PRESENTATION_STYLE_ASSIGNMENT( ( #1529 ) );
#779 = EDGE_CURVE( '', #1091, #1265, #1530, .T. );
#780 = PRESENTATION_STYLE_ASSIGNMENT( ( #1531 ) );
#781 = ADVANCED_FACE( '', ( #1532 ), #1533, .F. );
#782 = PRESENTATION_STYLE_ASSIGNMENT( ( #1534 ) );
#783 = EDGE_CURVE( '', #948, #1066, #1535, .T. );
#784 = PRESENTATION_STYLE_ASSIGNMENT( ( #1536 ) );
#785 = EDGE_CURVE( '', #1342, #944, #1537, .T. );
#786 = PRESENTATION_STYLE_ASSIGNMENT( ( #1538 ) );
#787 = EDGE_CURVE( '', #1207, #1073, #1539, .T. );
#788 = PRESENTATION_STYLE_ASSIGNMENT( ( #1540 ) );
#789 = EDGE_CURVE( '', #1015, #1230, #1541, .T. );
#790 = PRESENTATION_STYLE_ASSIGNMENT( ( #1542 ) );
#791 = EDGE_CURVE( '', #1039, #854, #1543, .T. );
#792 = PRESENTATION_STYLE_ASSIGNMENT( ( #1544 ) );
#793 = EDGE_CURVE( '', #851, #1030, #1545, .T. );
#794 = PRESENTATION_STYLE_ASSIGNMENT( ( #1546 ) );
#795 = EDGE_CURVE( '', #911, #1223, #1547, .T. );
#796 = PRESENTATION_STYLE_ASSIGNMENT( ( #1548 ) );
#797 = EDGE_CURVE( '', #1218, #1046, #1549, .T. );
#798 = PRESENTATION_STYLE_ASSIGNMENT( ( #1550 ) );
#799 = EDGE_CURVE( '', #1094, #919, #1551, .T. );
#800 = PRESENTATION_STYLE_ASSIGNMENT( ( #1552 ) );
#801 = EDGE_CURVE( '', #1389, #1341, #1553, .T. );
#802 = PRESENTATION_STYLE_ASSIGNMENT( ( #1554 ) );
#803 = EDGE_CURVE( '', #1170, #1176, #1555, .T. );
#804 = PRESENTATION_STYLE_ASSIGNMENT( ( #1556 ) );
#805 = EDGE_CURVE( '', #1297, #1227, #1557, .T. );
#806 = PRESENTATION_STYLE_ASSIGNMENT( ( #1558 ) );
#807 = EDGE_CURVE( '', #1030, #1253, #1559, .T. );
#808 = PRESENTATION_STYLE_ASSIGNMENT( ( #1560 ) );
#809 = ADVANCED_FACE( '', ( #1561 ), #1562, .T. );
#810 = PRESENTATION_STYLE_ASSIGNMENT( ( #1563 ) );
#811 = ADVANCED_FACE( '', ( #1564 ), #1565, .T. );
#812 = PRODUCT( 'Open CASCADE STEP translator 6.8 3', 'Open CASCADE STEP translator 6.8 3', 'PART-Open CASCADE STEP translator 6.8 3-DESC', ( #1566 ) );
#813 = PRODUCT_DEFINITION( 'NONE', 'NONE', #1567, #2 );
#814 = MANIFOLD_SOLID_BREP( 'Open CASCADE STEP translator 6.8 3', #1568 );
#815 = AXIS2_PLACEMENT_3D( '', #1569, #1570, #1571 );
#818 = LENGTH_MEASURE_WITH_UNIT( LENGTH_MEASURE( 1.00000000000000 ), #1572 );
#821 = DIMENSIONAL_EXPONENTS( 1.00000000000000, 0.00000000000000, 0.00000000000000, 0.00000000000000, 0.00000000000000, 0.00000000000000, 0.00000000000000 );
#823 = DIMENSIONAL_EXPONENTS( 0.00000000000000, 0.00000000000000, 0.00000000000000, 0.00000000000000, 0.00000000000000, 0.00000000000000, 0.00000000000000 );
#829 = SURFACE_STYLE_USAGE( .BOTH., #1573 );
#830 = FACE_OUTER_BOUND( '', #1574, .T. );
#831 = PLANE( '', #1575 );
#832 = SURFACE_STYLE_USAGE( .BOTH., #1576 );
#833 = FACE_OUTER_BOUND( '', #1577, .T. );
#834 = CYLINDRICAL_SURFACE( '', #1578, 0.000500000000000000 );
#835 = CURVE_STYLE( '', #1579, POSITIVE_LENGTH_MEASURE( 1.00000000000000E-06 ), #1580 );
#836 = VERTEX_POINT( '', #1581 );
#837 = VERTEX_POINT( '', #1582 );
#838 = LINE( '', #1583, #1584 );
#839 = CURVE_STYLE( '', #1585, POSITIVE_LENGTH_MEASURE( 1.00000000000000E-06 ), #1586 );
#840 = VERTEX_POINT( '', #1587 );
#841 = VERTEX_POINT( '', #1588 );
#842 = LINE( '', #1589, #1590 );
#843 = SURFACE_STYLE_USAGE( .BOTH., #1591 );
#844 = FACE_OUTER_BOUND( '', #1592, .T. );
#845 = PLANE( '', #1593 );
#846 = SURFACE_STYLE_USAGE( .BOTH., #1594 );
#847 = FACE_OUTER_BOUND( '', #1595, .T. );
#848 = CYLINDRICAL_SURFACE( '', #1596, 0.000500000000000000 );
#849 = CURVE_STYLE( '', #1597, POSITIVE_LENGTH_MEASURE( 1.00000000000000E-06 ), #1598 );
#850 = VERTEX_POINT( '', #1599 );
#851 = VERTEX_POINT( '', #1600 );
#852 = LINE( '', #1601, #1602 );
#853 = CURVE_STYLE( '', #1603, POSITIVE_LENGTH_MEASURE( 1.00000000000000E-06 ), #1604 );
#854 = VERTEX_POINT( '', #1605 );
#855 = VERTEX_POINT( '', #1606 );
#856 = LINE( '', #1607, #1608 );
#857 = CURVE_STYLE( '', #1609, POSITIVE_LENGTH_MEASURE( 1.00000000000000E-06 ), #1610 );
#858 = VERTEX_POINT( '', #1611 );
#859 = VERTEX_POINT( '', #1612 );
#860 = LINE( '', #1613, #1614 );
#861 = CURVE_STYLE( '', #1615, POSITIVE_LENGTH_MEASURE( 1.00000000000000E-06 ), #1616 );
#862 = VERTEX_POINT( '', #1617 );
#863 = VERTEX_POINT( '', #1618 );
#864 = LINE( '', #1619, #1620 );
#865 = SURFACE_STYLE_USAGE( .BOTH., #1621 );
#866 = FACE_OUTER_BOUND( '', #1622, .T. );
#867 = PLANE( '', #1623 );
#868 = SURFACE_STYLE_USAGE( .BOTH., #1624 );
#869 = FACE_BOUND( '', #1625, .T. );
#870 = FACE_BOUND( '', #1626, .T. );
#871 = FACE_BOUND( '', #1627, .T. );
#872 = FACE_OUTER_BOUND( '', #1628, .T. );
#873 = FACE_BOUND( '', #1629, .T. );
#874 = FACE_BOUND( '', #1630, .T. );
#875 = FACE_BOUND( '', #1631, .T. );
#876 = PLANE( '', #1632 );
#877 = SURFACE_STYLE_USAGE( .BOTH., #1633 );
#878 = FACE_OUTER_BOUND( '', #1634, .T. );
#879 = PLANE( '', #1635 );
#880 = CURVE_STYLE( '', #1636, POSITIVE_LENGTH_MEASURE( 1.00000000000000E-06 ), #1637 );
#881 = VERTEX_POINT( '', #1638 );
#882 = VERTEX_POINT( '', #1639 );
#883 = LINE( '', #1640, #1641 );
#884 = CURVE_STYLE( '', #1642, POSITIVE_LENGTH_MEASURE( 1.00000000000000E-06 ), #1643 );
#885 = VERTEX_POINT( '', #1644 );
#886 = VERTEX_POINT( '', #1645 );
#887 = LINE( '', #1646, #1647 );
#888 = CURVE_STYLE( '', #1648, POSITIVE_LENGTH_MEASURE( 1.00000000000000E-06 ), #1649 );
#889 = VERTEX_POINT( '', #1650 );
#890 = VERTEX_POINT( '', #1651 );
#891 = LINE( '', #1652, #1653 );
#892 = CURVE_STYLE( '', #1654, POSITIVE_LENGTH_MEASURE( 1.00000000000000E-06 ), #1655 );
#893 = VERTEX_POINT( '', #1656 );
#894 = VERTEX_POINT( '', #1657 );
#895 = LINE( '', #1658, #1659 );
#896 = SURFACE_STYLE_USAGE( .BOTH., #1660 );
#897 = FACE_OUTER_BOUND( '', #1661, .T. );
#898 = PLANE( '', #1662 );
#899 = CURVE_STYLE( '', #1663, POSITIVE_LENGTH_MEASURE( 1.00000000000000E-06 ), #1664 );
#900 = VERTEX_POINT( '', #1665 );
#901 = VERTEX_POINT( '', #1666 );
#902 = LINE( '', #1667, #1668 );
#903 = CURVE_STYLE( '', #1669, POSITIVE_LENGTH_MEASURE( 1.00000000000000E-06 ), #1670 );
#904 = VERTEX_POINT( '', #1671 );
#905 = VERTEX_POINT( '', #1672 );
#906 = LINE( '', #1673, #1674 );
#907 = CURVE_STYLE( '', #1675, POSITIVE_LENGTH_MEASURE( 1.00000000000000E-06 ), #1676 );
#908 = VERTEX_POINT( '', #1677 );
#909 = LINE( '', #1678, #1679 );
#910 = CURVE_STYLE( '', #1680, POSITIVE_LENGTH_MEASURE( 1.00000000000000E-06 ), #1681 );
#911 = VERTEX_POINT( '', #1682 );
#912 = VERTEX_POINT( '', #1683 );
#913 = LINE( '', #1684, #1685 );
#914 = CURVE_STYLE( '', #1686, POSITIVE_LENGTH_MEASURE( 1.00000000000000E-06 ), #1687 );
#915 = VERTEX_POINT( '', #1688 );
#916 = LINE( '', #1689, #1690 );
#917 = CURVE_STYLE( '', #1691, POSITIVE_LENGTH_MEASURE( 1.00000000000000E-06 ), #1692 );
#918 = VERTEX_POINT( '', #1693 );
#919 = VERTEX_POINT( '', #1694 );
#920 = LINE( '', #1695, #1696 );
#921 = CURVE_STYLE( '', #1697, POSITIVE_LENGTH_MEASURE( 1.00000000000000E-06 ), #1698 );
#922 = VERTEX_POINT( '', #1699 );
#923 = LINE( '', #1700, #1701 );
#924 = SURFACE_STYLE_USAGE( .BOTH., #1702 );
#925 = FACE_OUTER_BOUND( '', #1703, .T. );
#926 = PLANE( '', #1704 );
#927 = SURFACE_STYLE_USAGE( .BOTH., #1705 );
#928 = FACE_OUTER_BOUND( '', #1706, .T. );
#929 = PLANE( '', #1707 );
#930 = SURFACE_STYLE_USAGE( .BOTH., #1708 );
#931 = FACE_OUTER_BOUND( '', #1709, .T. );
#932 = PLANE( '', #1710 );
#933 = CURVE_STYLE( '', #1711, POSITIVE_LENGTH_MEASURE( 1.00000000000000E-06 ), #1712 );
#934 = VERTEX_POINT( '', #1713 );
#935 = LINE( '', #1714, #1715 );
#936 = SURFACE_STYLE_USAGE( .BOTH., #1716 );
#937 = FACE_OUTER_BOUND( '', #1717, .T. );
#938 = PLANE( '', #1718 );
#939 = CURVE_STYLE( '', #1719, POSITIVE_LENGTH_MEASURE( 1.00000000000000E-06 ), #1720 );
#940 = VERTEX_POINT( '', #1721 );
#941 = VERTEX_POINT( '', #1722 );
#942 = CIRCLE( '', #1723, 0.00300000000000000 );
#943 = CURVE_STYLE( '', #1724, POSITIVE_LENGTH_MEASURE( 1.00000000000000E-06 ), #1725 );
#944 = VERTEX_POINT( '', #1726 );
#945 = VERTEX_POINT( '', #1727 );
#946 = LINE( '', #1728, #1729 );
#947 = CURVE_STYLE( '', #1730, POSITIVE_LENGTH_MEASURE( 1.00000000000000E-06 ), #1731 );
#948 = VERTEX_POINT( '', #1732 );
#949 = VERTEX_POINT( '', #1733 );
#950 = LINE( '', #1734, #1735 );
#951 = CURVE_STYLE( '', #1736, POSITIVE_LENGTH_MEASURE( 1.00000000000000E-06 ), #1737 );
#952 = VERTEX_POINT( '', #1738 );
#953 = VERTEX_POINT( '', #1739 );
#954 = LINE( '', #1740, #1741 );
#955 = CURVE_STYLE( '', #1742, POSITIVE_LENGTH_MEASURE( 1.00000000000000E-06 ), #1743 );
#956 = LINE( '', #1744, #1745 );
#957 = SURFACE_STYLE_USAGE( .BOTH., #1746 );
#958 = FACE_OUTER_BOUND( '', #1747, .T. );
#959 = PLANE( '', #1748 );
#960 = SURFACE_STYLE_USAGE( .BOTH., #1749 );
#961 = FACE_OUTER_BOUND( '', #1750, .T. );
#962 = FACE_BOUND( '', #1751, .T. );
#963 = PLANE( '', #1752 );
#964 = CURVE_STYLE( '', #1753, POSITIVE_LENGTH_MEASURE( 1.00000000000000E-06 ), #1754 );
#965 = VERTEX_POINT( '', #1755 );
#966 = VERTEX_POINT( '', #1756 );
#967 = CIRCLE( '', #1757, 0.00300000000000000 );
#968 = CURVE_STYLE( '', #1758, POSITIVE_LENGTH_MEASURE( 1.00000000000000E-06 ), #1759 );
#969 = VERTEX_POINT( '', #1760 );
#970 = VERTEX_POINT( '', #1761 );
#971 = LINE( '', #1762, #1763 );
#972 = SURFACE_STYLE_USAGE( .BOTH., #1764 );
#973 = FACE_OUTER_BOUND( '', #1765, .T. );
#974 = PLANE( '', #1766 );
#975 = CURVE_STYLE( '', #1767, POSITIVE_LENGTH_MEASURE( 1.00000000000000E-06 ), #1768 );
#976 = VERTEX_POINT( '', #1769 );
#977 = VERTEX_POINT( '', #1770 );
#978 = LINE( '', #1771, #1772 );
#979 = SURFACE_STYLE_USAGE( .BOTH., #1773 );
#980 = FACE_OUTER_BOUND( '', #1774, .T. );
#981 = CYLINDRICAL_SURFACE( '', #1775, 0.000500000000000000 );
#982 = SURFACE_STYLE_USAGE( .BOTH., #1776 );
#983 = FACE_OUTER_BOUND( '', #1777, .T. );
#984 = PLANE( '', #1778 );
#985 = CURVE_STYLE( '', #1779, POSITIVE_LENGTH_MEASURE( 1.00000000000000E-06 ), #1780 );
#986 = VERTEX_POINT( '', #1781 );
#987 = VERTEX_POINT( '', #1782 );
#988 = LINE( '', #1783, #1784 );
#989 = CURVE_STYLE( '', #1785, POSITIVE_LENGTH_MEASURE( 1.00000000000000E-06 ), #1786 );
#990 = LINE( '', #1787, #1788 );
#991 = SURFACE_STYLE_USAGE( .BOTH., #1789 );
#992 = FACE_OUTER_BOUND( '', #1790, .T. );
#993 = PLANE( '', #1791 );
#994 = CURVE_STYLE( '', #1792, POSITIVE_LENGTH_MEASURE( 1.00000000000000E-06 ), #1793 );
#995 = VERTEX_POINT( '', #1794 );
#996 = LINE( '', #1795, #1796 );
#997 = SURFACE_STYLE_USAGE( .BOTH., #1797 );
#998 = FACE_OUTER_BOUND( '', #1798, .T. );
#999 = CYLINDRICAL_SURFACE( '', #1799, 0.000500000000000000 );
#1000 = SURFACE_STYLE_USAGE( .BOTH., #1800 );
#1001 = FACE_OUTER_BOUND( '', #1801, .T. );
#1002 = PLANE( '', #1802 );
#1003 = SURFACE_STYLE_USAGE( .BOTH., #1803 );
#1004 = FACE_OUTER_BOUND( '', #1804, .T. );
#1005 = PLANE( '', #1805 );
#1006 = CURVE_STYLE( '', #1806, POSITIVE_LENGTH_MEASURE( 1.00000000000000E-06 ), #1807 );
#1007 = VERTEX_POINT( '', #1808 );
#1008 = VERTEX_POINT( '', #1809 );
#1009 = CIRCLE( '', #1810, 0.000500000000000000 );
#1010 = SURFACE_STYLE_USAGE( .BOTH., #1811 );
#1011 = FACE_OUTER_BOUND( '', #1812, .T. );
#1012 = PLANE( '', #1813 );
#1013 = CURVE_STYLE( '', #1814, POSITIVE_LENGTH_MEASURE( 1.00000000000000E-06 ), #1815 );
#1014 = VERTEX_POINT( '', #1816 );
#1015 = VERTEX_POINT( '', #1817 );
#1016 = LINE( '', #1818, #1819 );
#1017 = SURFACE_STYLE_USAGE( .BOTH., #1820 );
#1018 = FACE_OUTER_BOUND( '', #1821, .T. );
#1019 = PLANE( '', #1822 );
#1020 = SURFACE_STYLE_USAGE( .BOTH., #1823 );
#1021 = FACE_OUTER_BOUND( '', #1824, .T. );
#1022 = PLANE( '', #1825 );
#1023 = SURFACE_STYLE_USAGE( .BOTH., #1826 );
#1024 = FACE_OUTER_BOUND( '', #1827, .T. );
#1025 = PLANE( '', #1828 );
#1026 = CURVE_STYLE( '', #1829, POSITIVE_LENGTH_MEASURE( 1.00000000000000E-06 ), #1830 );
#1027 = VERTEX_POINT( '', #1831 );
#1028 = CIRCLE( '', #1832, 0.00250000000000000 );
#1029 = CURVE_STYLE( '', #1833, POSITIVE_LENGTH_MEASURE( 1.00000000000000E-06 ), #1834 );
#1030 = VERTEX_POINT( '', #1835 );
#1031 = VERTEX_POINT( '', #1836 );
#1032 = CIRCLE( '', #1837, 0.000500000000000000 );
#1033 = CURVE_STYLE( '', #1838, POSITIVE_LENGTH_MEASURE( 1.00000000000000E-06 ), #1839 );
#1034 = VERTEX_POINT( '', #1840 );
#1035 = VERTEX_POINT( '', #1841 );
#1036 = LINE( '', #1842, #1843 );
#1037 = CURVE_STYLE( '', #1844, POSITIVE_LENGTH_MEASURE( 1.00000000000000E-06 ), #1845 );
#1038 = VERTEX_POINT( '', #1846 );
#1039 = VERTEX_POINT( '', #1847 );
#1040 = CIRCLE( '', #1848, 0.000500000000000000 );
#1041 = CURVE_STYLE( '', #1849, POSITIVE_LENGTH_MEASURE( 1.00000000000000E-06 ), #1850 );
#1042 = VERTEX_POINT( '', #1851 );
#1043 = VERTEX_POINT( '', #1852 );
#1044 = LINE( '', #1853, #1854 );
#1045 = CURVE_STYLE( '', #1855, POSITIVE_LENGTH_MEASURE( 1.00000000000000E-06 ), #1856 );
#1046 = VERTEX_POINT( '', #1857 );
#1047 = VERTEX_POINT( '', #1858 );
#1048 = LINE( '', #1859, #1860 );
#1049 = CURVE_STYLE( '', #1861, POSITIVE_LENGTH_MEASURE( 1.00000000000000E-06 ), #1862 );
#1050 = VERTEX_POINT( '', #1863 );
#1051 = LINE( '', #1864, #1865 );
#1052 = SURFACE_STYLE_USAGE( .BOTH., #1866 );
#1053 = FACE_OUTER_BOUND( '', #1867, .T. );
#1054 = CYLINDRICAL_SURFACE( '', #1868, 0.00850000000000000 );
#1055 = CURVE_STYLE( '', #1869, POSITIVE_LENGTH_MEASURE( 1.00000000000000E-06 ), #1870 );
#1056 = VERTEX_POINT( '', #1871 );
#1057 = VERTEX_POINT( '', #1872 );
#1058 = CIRCLE( '', #1873, 0.00250000000000000 );
#1059 = CURVE_STYLE( '', #1874, POSITIVE_LENGTH_MEASURE( 1.00000000000000E-06 ), #1875 );
#1060 = VERTEX_POINT( '', #1876 );
#1061 = LINE( '', #1877, #1878 );
#1062 = CURVE_STYLE( '', #1879, POSITIVE_LENGTH_MEASURE( 1.00000000000000E-06 ), #1880 );
#1063 = VERTEX_POINT( '', #1881 );
#1064 = LINE( '', #1882, #1883 );
#1065 = CURVE_STYLE( '', #1884, POSITIVE_LENGTH_MEASURE( 1.00000000000000E-06 ), #1885 );
#1066 = VERTEX_POINT( '', #1886 );
#1067 = LINE( '', #1887, #1888 );
#1068 = CURVE_STYLE( '', #1889, POSITIVE_LENGTH_MEASURE( 1.00000000000000E-06 ), #1890 );
#1069 = LINE( '', #1891, #1892 );
#1070 = CURVE_STYLE( '', #1893, POSITIVE_LENGTH_MEASURE( 1.00000000000000E-06 ), #1894 );
#1071 = LINE( '', #1895, #1896 );
#1072 = CURVE_STYLE( '', #1897, POSITIVE_LENGTH_MEASURE( 1.00000000000000E-06 ), #1898 );
#1073 = VERTEX_POINT( '', #1899 );
#1074 = LINE( '', #1900, #1901 );
#1075 = CURVE_STYLE( '', #1902, POSITIVE_LENGTH_MEASURE( 1.00000000000000E-06 ), #1903 );
#1076 = VERTEX_POINT( '', #1904 );
#1077 = VERTEX_POINT( '', #1905 );
#1078 = CIRCLE( '', #1906, 0.00300000000000000 );
#1079 = CURVE_STYLE( '', #1907, POSITIVE_LENGTH_MEASURE( 1.00000000000000E-06 ), #1908 );
#1080 = VERTEX_POINT( '', #1909 );
#1081 = VERTEX_POINT( '', #1910 );
#1082 = CIRCLE( '', #1911, 0.00300000000000000 );
#1083 = SURFACE_STYLE_USAGE( .BOTH., #1912 );
#1084 = FACE_OUTER_BOUND( '', #1913, .T. );
#1085 = PLANE( '', #1914 );
#1086 = SURFACE_STYLE_USAGE( .BOTH., #1915 );
#1087 = FACE_OUTER_BOUND( '', #1916, .T. );
#1088 = PLANE( '', #1917 );
#1089 = CURVE_STYLE( '', #1918, POSITIVE_LENGTH_MEASURE( 1.00000000000000E-06 ), #1919 );
#1090 = VERTEX_POINT( '', #1920 );
#1091 = VERTEX_POINT( '', #1921 );
#1092 = LINE( '', #1922, #1923 );
#1093 = CURVE_STYLE( '', #1924, POSITIVE_LENGTH_MEASURE( 1.00000000000000E-06 ), #1925 );
#1094 = VERTEX_POINT( '', #1926 );
#1095 = LINE( '', #1927, #1928 );
#1096 = CURVE_STYLE( '', #1929, POSITIVE_LENGTH_MEASURE( 1.00000000000000E-06 ), #1930 );
#1097 = CIRCLE( '', #1931, 0.000500000000000000 );
#1098 = CURVE_STYLE( '', #1932, POSITIVE_LENGTH_MEASURE( 1.00000000000000E-06 ), #1933 );
#1099 = VERTEX_POINT( '', #1934 );
#1100 = LINE( '', #1935, #1936 );
#1101 = SURFACE_STYLE_USAGE( .BOTH., #1937 );
#1102 = FACE_OUTER_BOUND( '', #1938, .T. );
#1103 = PLANE( '', #1939 );
#1104 = CURVE_STYLE( '', #1940, POSITIVE_LENGTH_MEASURE( 1.00000000000000E-06 ), #1941 );
#1105 = VERTEX_POINT( '', #1942 );
#1106 = VERTEX_POINT( '', #1943 );
#1107 = LINE( '', #1944, #1945 );
#1108 = CURVE_STYLE( '', #1946, POSITIVE_LENGTH_MEASURE( 1.00000000000000E-06 ), #1947 );
#1109 = VERTEX_POINT( '', #1948 );
#1110 = VERTEX_POINT( '', #1949 );
#1111 = LINE( '', #1950, #1951 );
#1112 = SURFACE_STYLE_USAGE( .BOTH., #1952 );
#1113 = FACE_OUTER_BOUND( '', #1953, .T. );
#1114 = PLANE( '', #1954 );
#1115 = CURVE_STYLE( '', #1955, POSITIVE_LENGTH_MEASURE( 1.00000000000000E-06 ), #1956 );
#1116 = VERTEX_POINT( '', #1957 );
#1117 = CIRCLE( '', #1958, 0.00250000000000000 );
#1118 = SURFACE_STYLE_USAGE( .BOTH., #1959 );
#1119 = FACE_OUTER_BOUND( '', #1960, .T. );
#1120 = PLANE( '', #1961 );
#1121 = CURVE_STYLE( '', #1962, POSITIVE_LENGTH_MEASURE( 1.00000000000000E-06 ), #1963 );
#1122 = VERTEX_POINT( '', #1964 );
#1123 = VERTEX_POINT( '', #1965 );
#1124 = LINE( '', #1966, #1967 );
#1125 = CURVE_STYLE( '', #1968, POSITIVE_LENGTH_MEASURE( 1.00000000000000E-06 ), #1969 );
#1126 = VERTEX_POINT( '', #1970 );
#1127 = VERTEX_POINT( '', #1971 );
#1128 = LINE( '', #1972, #1973 );
#1129 = CURVE_STYLE( '', #1974, POSITIVE_LENGTH_MEASURE( 1.00000000000000E-06 ), #1975 );
#1130 = CIRCLE( '', #1976, 0.000500000000000000 );
#1131 = CURVE_STYLE( '', #1977, POSITIVE_LENGTH_MEASURE( 1.00000000000000E-06 ), #1978 );
#1132 = LINE( '', #1979, #1980 );
#1133 = CURVE_STYLE( '', #1981, POSITIVE_LENGTH_MEASURE( 1.00000000000000E-06 ), #1982 );
#1134 = LINE( '', #1983, #1984 );
#1135 = CURVE_STYLE( '', #1985, POSITIVE_LENGTH_MEASURE( 1.00000000000000E-06 ), #1986 );
#1136 = VERTEX_POINT( '', #1987 );
#1137 = LINE( '', #1988, #1989 );
#1138 = CURVE_STYLE( '', #1990, POSITIVE_LENGTH_MEASURE( 1.00000000000000E-06 ), #1991 );
#1139 = VERTEX_POINT( '', #1992 );
#1140 = LINE( '', #1993, #1994 );
#1141 = CURVE_STYLE( '', #1995, POSITIVE_LENGTH_MEASURE( 1.00000000000000E-06 ), #1996 );
#1142 = LINE( '', #1997, #1998 );
#1143 = CURVE_STYLE( '', #1999, POSITIVE_LENGTH_MEASURE( 1.00000000000000E-06 ), #2000 );
#1144 = VERTEX_POINT( '', #2001 );
#1145 = VERTEX_POINT( '', #2002 );
#1146 = LINE( '', #2003, #2004 );
#1147 = CURVE_STYLE( '', #2005, POSITIVE_LENGTH_MEASURE( 1.00000000000000E-06 ), #2006 );
#1148 = VERTEX_POINT( '', #2007 );
#1149 = LINE( '', #2008, #2009 );
#1150 = SURFACE_STYLE_USAGE( .BOTH., #2010 );
#1151 = FACE_OUTER_BOUND( '', #2011, .T. );
#1152 = PLANE( '', #2012 );
#1153 = CURVE_STYLE( '', #2013, POSITIVE_LENGTH_MEASURE( 1.00000000000000E-06 ), #2014 );
#1154 = LINE( '', #2015, #2016 );
#1155 = CURVE_STYLE( '', #2017, POSITIVE_LENGTH_MEASURE( 1.00000000000000E-06 ), #2018 );
#1156 = CIRCLE( '', #2019, 0.00250000000000000 );
#1157 = SURFACE_STYLE_USAGE( .BOTH., #2020 );
#1158 = FACE_OUTER_BOUND( '', #2021, .T. );
#1159 = PLANE( '', #2022 );
#1160 = CURVE_STYLE( '', #2023, POSITIVE_LENGTH_MEASURE( 1.00000000000000E-06 ), #2024 );
#1161 = VERTEX_POINT( '', #2025 );
#1162 = LINE( '', #2026, #2027 );
#1163 = CURVE_STYLE( '', #2028, POSITIVE_LENGTH_MEASURE( 1.00000000000000E-06 ), #2029 );
#1164 = LINE( '', #2030, #2031 );
#1165 = CURVE_STYLE( '', #2032, POSITIVE_LENGTH_MEASURE( 1.00000000000000E-06 ), #2033 );
#1166 = VERTEX_POINT( '', #2034 );
#1167 = VERTEX_POINT( '', #2035 );
#1168 = LINE( '', #2036, #2037 );
#1169 = CURVE_STYLE( '', #2038, POSITIVE_LENGTH_MEASURE( 1.00000000000000E-06 ), #2039 );
#1170 = VERTEX_POINT( '', #2040 );
#1171 = LINE( '', #2041, #2042 );
#1172 = CURVE_STYLE( '', #2043, POSITIVE_LENGTH_MEASURE( 1.00000000000000E-06 ), #2044 );
#1173 = LINE( '', #2045, #2046 );
#1174 = CURVE_STYLE( '', #2047, POSITIVE_LENGTH_MEASURE( 1.00000000000000E-06 ), #2048 );
#1175 = VERTEX_POINT( '', #2049 );
#1176 = VERTEX_POINT( '', #2050 );
#1177 = LINE( '', #2051, #2052 );
#1178 = CURVE_STYLE( '', #2053, POSITIVE_LENGTH_MEASURE( 1.00000000000000E-06 ), #2054 );
#1179 = LINE( '', #2055, #2056 );
#1180 = CURVE_STYLE( '', #2057, POSITIVE_LENGTH_MEASURE( 1.00000000000000E-06 ), #2058 );
#1181 = VERTEX_POINT( '', #2059 );
#1182 = LINE( '', #2060, #2061 );
#1183 = CURVE_STYLE( '', #2062, POSITIVE_LENGTH_MEASURE( 1.00000000000000E-06 ), #2063 );
#1184 = LINE( '', #2064, #2065 );
#1185 = CURVE_STYLE( '', #2066, POSITIVE_LENGTH_MEASURE( 1.00000000000000E-06 ), #2067 );
#1186 = VERTEX_POINT( '', #2068 );
#1187 = LINE( '', #2069, #2070 );
#1188 = CURVE_STYLE( '', #2071, POSITIVE_LENGTH_MEASURE( 1.00000000000000E-06 ), #2072 );
#1189 = LINE( '', #2073, #2074 );
#1190 = SURFACE_STYLE_USAGE( .BOTH., #2075 );
#1191 = FACE_OUTER_BOUND( '', #2076, .T. );
#1192 = PLANE( '', #2077 );
#1193 = CURVE_STYLE( '', #2078, POSITIVE_LENGTH_MEASURE( 1.00000000000000E-06 ), #2079 );
#1194 = VERTEX_POINT( '', #2080 );
#1195 = LINE( '', #2081, #2082 );
#1196 = CURVE_STYLE( '', #2083, POSITIVE_LENGTH_MEASURE( 1.00000000000000E-06 ), #2084 );
#1197 = VERTEX_POINT( '', #2085 );
#1198 = LINE( '', #2086, #2087 );
#1199 = CURVE_STYLE( '', #2088, POSITIVE_LENGTH_MEASURE( 1.00000000000000E-06 ), #2089 );
#1200 = LINE( '', #2090, #2091 );
#1201 = CURVE_STYLE( '', #2092, POSITIVE_LENGTH_MEASURE( 1.00000000000000E-06 ), #2093 );
#1202 = LINE( '', #2094, #2095 );
#1203 = SURFACE_STYLE_USAGE( .BOTH., #2096 );
#1204 = FACE_OUTER_BOUND( '', #2097, .T. );
#1205 = CONICAL_SURFACE( '', #2098, 0.00300000000000000, 0.785398163400000 );
#1206 = CURVE_STYLE( '', #2099, POSITIVE_LENGTH_MEASURE( 1.00000000000000E-06 ), #2100 );
#1207 = VERTEX_POINT( '', #2101 );
#1208 = CIRCLE( '', #2102, 0.000500000000000000 );
#1209 = CURVE_STYLE( '', #2103, POSITIVE_LENGTH_MEASURE( 1.00000000000000E-06 ), #2104 );
#1210 = LINE( '', #2105, #2106 );
#1211 = SURFACE_STYLE_USAGE( .BOTH., #2107 );
#1212 = FACE_OUTER_BOUND( '', #2108, .T. );
#1213 = PLANE( '', #2109 );
#1214 = CURVE_STYLE( '', #2110, POSITIVE_LENGTH_MEASURE( 1.00000000000000E-06 ), #2111 );
#1215 = VERTEX_POINT( '', #2112 );
#1216 = LINE( '', #2113, #2114 );
#1217 = CURVE_STYLE( '', #2115, POSITIVE_LENGTH_MEASURE( 1.00000000000000E-06 ), #2116 );
#1218 = VERTEX_POINT( '', #2117 );
#1219 = LINE( '', #2118, #2119 );
#1220 = CURVE_STYLE( '', #2120, POSITIVE_LENGTH_MEASURE( 1.00000000000000E-06 ), #2121 );
#1221 = LINE( '', #2122, #2123 );
#1222 = CURVE_STYLE( '', #2124, POSITIVE_LENGTH_MEASURE( 1.00000000000000E-06 ), #2125 );
#1223 = VERTEX_POINT( '', #2126 );
#1224 = LINE( '', #2127, #2128 );
#1225 = CURVE_STYLE( '', #2129, POSITIVE_LENGTH_MEASURE( 1.00000000000000E-06 ), #2130 );
#1226 = VERTEX_POINT( '', #2131 );
#1227 = VERTEX_POINT( '', #2132 );
#1228 = LINE( '', #2133, #2134 );
#1229 = CURVE_STYLE( '', #2135, POSITIVE_LENGTH_MEASURE( 1.00000000000000E-06 ), #2136 );
#1230 = VERTEX_POINT( '', #2137 );
#1231 = LINE( '', #2138, #2139 );
#1232 = CURVE_STYLE( '', #2140, POSITIVE_LENGTH_MEASURE( 1.00000000000000E-06 ), #2141 );
#1233 = VERTEX_POINT( '', #2142 );
#1234 = CIRCLE( '', #2143, 0.00350000000000000 );
#1235 = CURVE_STYLE( '', #2144, POSITIVE_LENGTH_MEASURE( 1.00000000000000E-06 ), #2145 );
#1236 = B_SPLINE_CURVE_WITH_KNOTS( '', 3, ( #2146, #2147, #2148, #2149 ), .UNSPECIFIED., .F., .F., ( 4, 4 ), ( 0.0122367712228500, 0.0129503847365800 ), .UNSPECIFIED. );
#1237 = CURVE_STYLE( '', #2150, POSITIVE_LENGTH_MEASURE( 1.00000000000000E-06 ), #2151 );
#1238 = LINE( '', #2152, #2153 );
#1239 = SURFACE_STYLE_USAGE( .BOTH., #2154 );
#1240 = FACE_OUTER_BOUND( '', #2155, .T. );
#1241 = PLANE( '', #2156 );
#1242 = CURVE_STYLE( '', #2157, POSITIVE_LENGTH_MEASURE( 1.00000000000000E-06 ), #2158 );
#1243 = LINE( '', #2159, #2160 );
#1244 = CURVE_STYLE( '', #2161, POSITIVE_LENGTH_MEASURE( 1.00000000000000E-06 ), #2162 );
#1245 = VERTEX_POINT( '', #2163 );
#1246 = LINE( '', #2164, #2165 );
#1247 = CURVE_STYLE( '', #2166, POSITIVE_LENGTH_MEASURE( 1.00000000000000E-06 ), #2167 );
#1248 = LINE( '', #2168, #2169 );
#1249 = CURVE_STYLE( '', #2170, POSITIVE_LENGTH_MEASURE( 1.00000000000000E-06 ), #2171 );
#1250 = VERTEX_POINT( '', #2172 );
#1251 = CIRCLE( '', #2173, 0.00250000000000000 );
#1252 = CURVE_STYLE( '', #2174, POSITIVE_LENGTH_MEASURE( 1.00000000000000E-06 ), #2175 );
#1253 = VERTEX_POINT( '', #2176 );
#1254 = CIRCLE( '', #2177, 0.000500000000000000 );
#1255 = CURVE_STYLE( '', #2178, POSITIVE_LENGTH_MEASURE( 1.00000000000000E-06 ), #2179 );
#1256 = LINE( '', #2180, #2181 );
#1257 = CURVE_STYLE( '', #2182, POSITIVE_LENGTH_MEASURE( 1.00000000000000E-06 ), #2183 );
#1258 = VERTEX_POINT( '', #2184 );
#1259 = LINE( '', #2185, #2186 );
#1260 = CURVE_STYLE( '', #2187, POSITIVE_LENGTH_MEASURE( 1.00000000000000E-06 ), #2188 );
#1261 = LINE( '', #2189, #2190 );
#1262 = CURVE_STYLE( '', #2191, POSITIVE_LENGTH_MEASURE( 1.00000000000000E-06 ), #2192 );
#1263 = LINE( '', #2193, #2194 );
#1264 = CURVE_STYLE( '', #2195, POSITIVE_LENGTH_MEASURE( 1.00000000000000E-06 ), #2196 );
#1265 = VERTEX_POINT( '', #2197 );
#1266 = LINE( '', #2198, #2199 );
#1267 = CURVE_STYLE( '', #2200, POSITIVE_LENGTH_MEASURE( 1.00000000000000E-06 ), #2201 );
#1268 = LINE( '', #2202, #2203 );
#1269 = SURFACE_STYLE_USAGE( .BOTH., #2204 );
#1270 = FACE_OUTER_BOUND( '', #2205, .T. );
#1271 = PLANE( '', #2206 );
#1272 = CURVE_STYLE( '', #2207, POSITIVE_LENGTH_MEASURE( 1.00000000000000E-06 ), #2208 );
#1273 = VERTEX_POINT( '', #2209 );
#1274 = CIRCLE( '', #2210, 0.000500000000000000 );
#1275 = SURFACE_STYLE_USAGE( .BOTH., #2211 );
#1276 = FACE_OUTER_BOUND( '', #2212, .T. );
#1277 = PLANE( '', #2213 );
#1278 = CURVE_STYLE( '', #2214, POSITIVE_LENGTH_MEASURE( 1.00000000000000E-06 ), #2215 );
#1279 = LINE( '', #2216, #2217 );
#1280 = SURFACE_STYLE_USAGE( .BOTH., #2218 );
#1281 = FACE_OUTER_BOUND( '', #2219, .T. );
#1282 = FACE_OUTER_BOUND( '', #2220, .T. );
#1283 = CYLINDRICAL_SURFACE( '', #2221, 0.00350000000000000 );
#1284 = SURFACE_STYLE_USAGE( .BOTH., #2222 );
#1285 = FACE_OUTER_BOUND( '', #2223, .T. );
#1286 = PLANE( '', #2224 );
#1287 = SURFACE_STYLE_USAGE( .BOTH., #2225 );
#1288 = FACE_OUTER_BOUND( '', #2226, .T. );
#1289 = CYLINDRICAL_SURFACE( '', #2227, 0.00300000000000000 );
#1290 = SURFACE_STYLE_USAGE( .BOTH., #2228 );
#1291 = FACE_OUTER_BOUND( '', #2229, .T. );
#1292 = CYLINDRICAL_SURFACE( '', #2230, 0.00300000000000000 );
#1293 = SURFACE_STYLE_USAGE( .BOTH., #2231 );
#1294 = FACE_OUTER_BOUND( '', #2232, .T. );
#1295 = PLANE( '', #2233 );
#1296 = CURVE_STYLE( '', #2234, POSITIVE_LENGTH_MEASURE( 1.00000000000000E-06 ), #2235 );
#1297 = VERTEX_POINT( '', #2236 );
#1298 = LINE( '', #2237, #2238 );
#1299 = CURVE_STYLE( '', #2239, POSITIVE_LENGTH_MEASURE( 1.00000000000000E-06 ), #2240 );
#1300 = LINE( '', #2241, #2242 );
#1301 = SURFACE_STYLE_USAGE( .BOTH., #2243 );
#1302 = FACE_OUTER_BOUND( '', #2244, .T. );
#1303 = PLANE( '', #2245 );
#1304 = CURVE_STYLE( '', #2246, POSITIVE_LENGTH_MEASURE( 1.00000000000000E-06 ), #2247 );
#1305 = LINE( '', #2248, #2249 );
#1306 = CURVE_STYLE( '', #2250, POSITIVE_LENGTH_MEASURE( 1.00000000000000E-06 ), #2251 );
#1307 = LINE( '', #2252, #2253 );
#1308 = CURVE_STYLE( '', #2254, POSITIVE_LENGTH_MEASURE( 1.00000000000000E-06 ), #2255 );
#1309 = VERTEX_POINT( '', #2256 );
#1310 = LINE( '', #2257, #2258 );
#1311 = CURVE_STYLE( '', #2259, POSITIVE_LENGTH_MEASURE( 1.00000000000000E-06 ), #2260 );
#1312 = CIRCLE( '', #2261, 0.00850000000000000 );
#1313 = SURFACE_STYLE_USAGE( .BOTH., #2262 );
#1314 = FACE_OUTER_BOUND( '', #2263, .T. );
#1315 = PLANE( '', #2264 );
#1316 = SURFACE_STYLE_USAGE( .BOTH., #2265 );
#1317 = FACE_OUTER_BOUND( '', #2266, .T. );
#1318 = PLANE( '', #2267 );
#1319 = SURFACE_STYLE_USAGE( .BOTH., #2268 );
#1320 = FACE_OUTER_BOUND( '', #2269, .T. );
#1321 = PLANE( '', #2270 );
#1322 = CURVE_STYLE( '', #2271, POSITIVE_LENGTH_MEASURE( 1.00000000000000E-06 ), #2272 );
#1323 = LINE( '', #2273, #2274 );
#1324 = CURVE_STYLE( '', #2275, POSITIVE_LENGTH_MEASURE( 1.00000000000000E-06 ), #2276 );
#1325 = LINE( '', #2277, #2278 );
#1326 = SURFACE_STYLE_USAGE( .BOTH., #2279 );
#1327 = FACE_OUTER_BOUND( '', #2280, .T. );
#1328 = PLANE( '', #2281 );
#1329 = SURFACE_STYLE_USAGE( .BOTH., #2282 );
#1330 = FACE_OUTER_BOUND( '', #2283, .T. );
#1331 = PLANE( '', #2284 );
#1332 = SURFACE_STYLE_USAGE( .BOTH., #2285 );
#1333 = FACE_OUTER_BOUND( '', #2286, .T. );
#1334 = PLANE( '', #2287 );
#1335 = CURVE_STYLE( '', #2288, POSITIVE_LENGTH_MEASURE( 1.00000000000000E-06 ), #2289 );
#1336 = LINE( '', #2290, #2291 );
#1337 = CURVE_STYLE( '', #2292, POSITIVE_LENGTH_MEASURE( 1.00000000000000E-06 ), #2293 );
#1338 = VERTEX_POINT( '', #2294 );
#1339 = LINE( '', #2295, #2296 );
#1340 = CURVE_STYLE( '', #2297, POSITIVE_LENGTH_MEASURE( 1.00000000000000E-06 ), #2298 );
#1341 = VERTEX_POINT( '', #2299 );
#1342 = VERTEX_POINT( '', #2300 );
#1343 = CIRCLE( '', #2301, 0.000500000000000000 );
#1344 = CURVE_STYLE( '', #2302, POSITIVE_LENGTH_MEASURE( 1.00000000000000E-06 ), #2303 );
#1345 = LINE( '', #2304, #2305 );
#1346 = CURVE_STYLE( '', #2306, POSITIVE_LENGTH_MEASURE( 1.00000000000000E-06 ), #2307 );
#1347 = LINE( '', #2308, #2309 );
#1348 = CURVE_STYLE( '', #2310, POSITIVE_LENGTH_MEASURE( 1.00000000000000E-06 ), #2311 );
#1349 = VERTEX_POINT( '', #2312 );
#1350 = LINE( '', #2313, #2314 );
#1351 = CURVE_STYLE( '', #2315, POSITIVE_LENGTH_MEASURE( 1.00000000000000E-06 ), #2316 );
#1352 = LINE( '', #2317, #2318 );
#1353 = SURFACE_STYLE_USAGE( .BOTH., #2319 );
#1354 = FACE_OUTER_BOUND( '', #2320, .T. );
#1355 = PLANE( '', #2321 );
#1356 = CURVE_STYLE( '', #2322, POSITIVE_LENGTH_MEASURE( 1.00000000000000E-06 ), #2323 );
#1357 = B_SPLINE_CURVE_WITH_KNOTS( '', 3, ( #2324, #2325, #2326, #2327 ), .UNSPECIFIED., .F., .F., ( 4, 4 ), ( 0.0122367712228500, 0.0129503847365800 ), .UNSPECIFIED. );
#1358 = CURVE_STYLE( '', #2328, POSITIVE_LENGTH_MEASURE( 1.00000000000000E-06 ), #2329 );
#1359 = LINE( '', #2330, #2331 );
#1360 = CURVE_STYLE( '', #2332, POSITIVE_LENGTH_MEASURE( 1.00000000000000E-06 ), #2333 );
#1361 = LINE( '', #2334, #2335 );
#1362 = CURVE_STYLE( '', #2336, POSITIVE_LENGTH_MEASURE( 1.00000000000000E-06 ), #2337 );
#1363 = LINE( '', #2338, #2339 );
#1364 = CURVE_STYLE( '', #2340, POSITIVE_LENGTH_MEASURE( 1.00000000000000E-06 ), #2341 );
#1365 = LINE( '', #2342, #2343 );
#1366 = SURFACE_STYLE_USAGE( .BOTH., #2344 );
#1367 = FACE_OUTER_BOUND( '', #2345, .T. );
#1368 = PLANE( '', #2346 );
#1369 = CURVE_STYLE( '', #2347, POSITIVE_LENGTH_MEASURE( 1.00000000000000E-06 ), #2348 );
#1370 = LINE( '', #2349, #2350 );
#1371 = CURVE_STYLE( '', #2351, POSITIVE_LENGTH_MEASURE( 1.00000000000000E-06 ), #2352 );
#1372 = CIRCLE( '', #2353, 0.000500000000000000 );
#1373 = SURFACE_STYLE_USAGE( .BOTH., #2354 );
#1374 = FACE_OUTER_BOUND( '', #2355, .T. );
#1375 = PLANE( '', #2356 );
#1376 = CURVE_STYLE( '', #2357, POSITIVE_LENGTH_MEASURE( 1.00000000000000E-06 ), #2358 );
#1377 = LINE( '', #2359, #2360 );
#1378 = SURFACE_STYLE_USAGE( .BOTH., #2361 );
#1379 = FACE_OUTER_BOUND( '', #2362, .T. );
#1380 = PLANE( '', #2363 );
#1381 = SURFACE_STYLE_USAGE( .BOTH., #2364 );
#1382 = FACE_OUTER_BOUND( '', #2365, .T. );
#1383 = PLANE( '', #2366 );
#1384 = CURVE_STYLE( '', #2367, POSITIVE_LENGTH_MEASURE( 1.00000000000000E-06 ), #2368 );
#1385 = LINE( '', #2369, #2370 );
#1386 = CURVE_STYLE( '', #2371, POSITIVE_LENGTH_MEASURE( 1.00000000000000E-06 ), #2372 );
#1387 = LINE( '', #2373, #2374 );
#1388 = CURVE_STYLE( '', #2375, POSITIVE_LENGTH_MEASURE( 1.00000000000000E-06 ), #2376 );
#1389 = VERTEX_POINT( '', #2377 );
#1390 = LINE( '', #2378, #2379 );
#1391 = CURVE_STYLE( '', #2380, POSITIVE_LENGTH_MEASURE( 1.00000000000000E-06 ), #2381 );
#1392 = LINE( '', #2382, #2383 );
#1393 = CURVE_STYLE( '', #2384, POSITIVE_LENGTH_MEASURE( 1.00000000000000E-06 ), #2385 );
#1394 = LINE( '', #2386, #2387 );
#1395 = CURVE_STYLE( '', #2388, POSITIVE_LENGTH_MEASURE( 1.00000000000000E-06 ), #2389 );
#1396 = LINE( '', #2390, #2391 );
#1397 = SURFACE_STYLE_USAGE( .BOTH., #2392 );
#1398 = FACE_OUTER_BOUND( '', #2393, .T. );
#1399 = PLANE( '', #2394 );
#1400 = CURVE_STYLE( '', #2395, POSITIVE_LENGTH_MEASURE( 1.00000000000000E-06 ), #2396 );
#1401 = LINE( '', #2397, #2398 );
#1402 = CURVE_STYLE( '', #2399, POSITIVE_LENGTH_MEASURE( 1.00000000000000E-06 ), #2400 );
#1403 = VERTEX_POINT( '', #2401 );
#1404 = CIRCLE( '', #2402, 0.00250000000000000 );
#1405 = CURVE_STYLE( '', #2403, POSITIVE_LENGTH_MEASURE( 1.00000000000000E-06 ), #2404 );
#1406 = LINE( '', #2405, #2406 );
#1407 = SURFACE_STYLE_USAGE( .BOTH., #2407 );
#1408 = FACE_OUTER_BOUND( '', #2408, .T. );
#1409 = PLANE( '', #2409 );
#1410 = SURFACE_STYLE_USAGE( .BOTH., #2410 );
#1411 = FACE_BOUND( '', #2411, .T. );
#1412 = FACE_OUTER_BOUND( '', #2412, .T. );
#1413 = PLANE( '', #2413 );
#1414 = CURVE_STYLE( '', #2414, POSITIVE_LENGTH_MEASURE( 1.00000000000000E-06 ), #2415 );
#1415 = LINE( '', #2416, #2417 );
#1416 = CURVE_STYLE( '', #2418, POSITIVE_LENGTH_MEASURE( 1.00000000000000E-06 ), #2419 );
#1417 = VERTEX_POINT( '', #2420 );
#1418 = LINE( '', #2421, #2422 );
#1419 = CURVE_STYLE( '', #2423, POSITIVE_LENGTH_MEASURE( 1.00000000000000E-06 ), #2424 );
#1420 = LINE( '', #2425, #2426 );
#1421 = CURVE_STYLE( '', #2427, POSITIVE_LENGTH_MEASURE( 1.00000000000000E-06 ), #2428 );
#1422 = LINE( '', #2429, #2430 );
#1423 = CURVE_STYLE( '', #2431, POSITIVE_LENGTH_MEASURE( 1.00000000000000E-06 ), #2432 );
#1424 = CIRCLE( '', #2433, 0.00850000000000000 );
#1425 = CURVE_STYLE( '', #2434, POSITIVE_LENGTH_MEASURE( 1.00000000000000E-06 ), #2435 );
#1426 = CIRCLE( '', #2436, 0.000500000000000000 );
#1427 = CURVE_STYLE( '', #2437, POSITIVE_LENGTH_MEASURE( 1.00000000000000E-06 ), #2438 );
#1428 = LINE( '', #2439, #2440 );
#1429 = CURVE_STYLE( '', #2441, POSITIVE_LENGTH_MEASURE( 1.00000000000000E-06 ), #2442 );
#1430 = LINE( '', #2443, #2444 );
#1431 = CURVE_STYLE( '', #2445, POSITIVE_LENGTH_MEASURE( 1.00000000000000E-06 ), #2446 );
#1432 = B_SPLINE_CURVE_WITH_KNOTS( '', 3, ( #2447, #2448, #2449, #2450 ), .UNSPECIFIED., .F., .F., ( 4, 4 ), ( 0.00512533901577800, 0.00583851729057100 ), .UNSPECIFIED. );
#1433 = CURVE_STYLE( '', #2451, POSITIVE_LENGTH_MEASURE( 1.00000000000000E-06 ), #2452 );
#1434 = LINE( '', #2453, #2454 );
#1435 = CURVE_STYLE( '', #2455, POSITIVE_LENGTH_MEASURE( 1.00000000000000E-06 ), #2456 );
#1436 = LINE( '', #2457, #2458 );
#1437 = CURVE_STYLE( '', #2459, POSITIVE_LENGTH_MEASURE( 1.00000000000000E-06 ), #2460 );
#1438 = LINE( '', #2461, #2462 );
#1439 = CURVE_STYLE( '', #2463, POSITIVE_LENGTH_MEASURE( 1.00000000000000E-06 ), #2464 );
#1440 = LINE( '', #2465, #2466 );
#1441 = SURFACE_STYLE_USAGE( .BOTH., #2467 );
#1442 = FACE_OUTER_BOUND( '', #2468, .T. );
#1443 = PLANE( '', #2469 );
#1444 = SURFACE_STYLE_USAGE( .BOTH., #2470 );
#1445 = FACE_OUTER_BOUND( '', #2471, .T. );
#1446 = PLANE( '', #2472 );
#1447 = CURVE_STYLE( '', #2473, POSITIVE_LENGTH_MEASURE( 1.00000000000000E-06 ), #2474 );
#1448 = LINE( '', #2475, #2476 );
#1449 = CURVE_STYLE( '', #2477, POSITIVE_LENGTH_MEASURE( 1.00000000000000E-06 ), #2478 );
#1450 = LINE( '', #2479, #2480 );
#1451 = SURFACE_STYLE_USAGE( .BOTH., #2481 );
#1452 = FACE_OUTER_BOUND( '', #2482, .T. );
#1453 = PLANE( '', #2483 );
#1454 = CURVE_STYLE( '', #2484, POSITIVE_LENGTH_MEASURE( 1.00000000000000E-06 ), #2485 );
#1455 = LINE( '', #2486, #2487 );
#1456 = CURVE_STYLE( '', #2488, POSITIVE_LENGTH_MEASURE( 1.00000000000000E-06 ), #2489 );
#1457 = LINE( '', #2490, #2491 );
#1458 = CURVE_STYLE( '', #2492, POSITIVE_LENGTH_MEASURE( 1.00000000000000E-06 ), #2493 );
#1459 = LINE( '', #2494, #2495 );
#1460 = CURVE_STYLE( '', #2496, POSITIVE_LENGTH_MEASURE( 1.00000000000000E-06 ), #2497 );
#1461 = LINE( '', #2498, #2499 );
#1462 = CURVE_STYLE( '', #2500, POSITIVE_LENGTH_MEASURE( 1.00000000000000E-06 ), #2501 );
#1463 = LINE( '', #2502, #2503 );
#1464 = CURVE_STYLE( '', #2504, POSITIVE_LENGTH_MEASURE( 1.00000000000000E-06 ), #2505 );
#1465 = LINE( '', #2506, #2507 );
#1466 = CURVE_STYLE( '', #2508, POSITIVE_LENGTH_MEASURE( 1.00000000000000E-06 ), #2509 );
#1467 = LINE( '', #2510, #2511 );
#1468 = CURVE_STYLE( '', #2512, POSITIVE_LENGTH_MEASURE( 1.00000000000000E-06 ), #2513 );
#1469 = LINE( '', #2514, #2515 );
#1470 = SURFACE_STYLE_USAGE( .BOTH., #2516 );
#1471 = FACE_OUTER_BOUND( '', #2517, .T. );
#1472 = PLANE( '', #2518 );
#1473 = SURFACE_STYLE_USAGE( .BOTH., #2519 );
#1474 = FACE_OUTER_BOUND( '', #2520, .T. );
#1475 = PLANE( '', #2521 );
#1476 = CURVE_STYLE( '', #2522, POSITIVE_LENGTH_MEASURE( 1.00000000000000E-06 ), #2523 );
#1477 = CIRCLE( '', #2524, 0.000500000000000000 );
#1478 = SURFACE_STYLE_USAGE( .BOTH., #2525 );
#1479 = FACE_OUTER_BOUND( '', #2526, .T. );
#1480 = CONICAL_SURFACE( '', #2527, 0.00300000000000000, 0.785398163400000 );
#1481 = CURVE_STYLE( '', #2528, POSITIVE_LENGTH_MEASURE( 1.00000000000000E-06 ), #2529 );
#1482 = LINE( '', #2530, #2531 );
#1483 = CURVE_STYLE( '', #2532, POSITIVE_LENGTH_MEASURE( 1.00000000000000E-06 ), #2533 );
#1484 = LINE( '', #2534, #2535 );
#1485 = CURVE_STYLE( '', #2536, POSITIVE_LENGTH_MEASURE( 1.00000000000000E-06 ), #2537 );
#1486 = LINE( '', #2538, #2539 );
#1487 = SURFACE_STYLE_USAGE( .BOTH., #2540 );
#1488 = FACE_OUTER_BOUND( '', #2541, .T. );
#1489 = PLANE( '', #2542 );
#1490 = CURVE_STYLE( '', #2543, POSITIVE_LENGTH_MEASURE( 1.00000000000000E-06 ), #2544 );
#1491 = B_SPLINE_CURVE_WITH_KNOTS( '', 3, ( #2545, #2546, #2547, #2548 ), .UNSPECIFIED., .F., .F., ( 4, 4 ), ( 0.00512533901577800, 0.00583851729057100 ), .UNSPECIFIED. );
#1492 = CURVE_STYLE( '', #2549, POSITIVE_LENGTH_MEASURE( 1.00000000000000E-06 ), #2550 );
#1493 = LINE( '', #2551, #2552 );
#1494 = CURVE_STYLE( '', #2553, POSITIVE_LENGTH_MEASURE( 1.00000000000000E-06 ), #2554 );
#1495 = LINE( '', #2555, #2556 );
#1496 = SURFACE_STYLE_USAGE( .BOTH., #2557 );
#1497 = FACE_OUTER_BOUND( '', #2558, .T. );
#1498 = PLANE( '', #2559 );
#1499 = CURVE_STYLE( '', #2560, POSITIVE_LENGTH_MEASURE( 1.00000000000000E-06 ), #2561 );
#1500 = LINE( '', #2562, #2563 );
#1501 = SURFACE_STYLE_USAGE( .BOTH., #2564 );
#1502 = FACE_OUTER_BOUND( '', #2565, .T. );
#1503 = PLANE( '', #2566 );
#1504 = CURVE_STYLE( '', #2567, POSITIVE_LENGTH_MEASURE( 1.00000000000000E-06 ), #2568 );
#1505 = LINE( '', #2569, #2570 );
#1506 = CURVE_STYLE( '', #2571, POSITIVE_LENGTH_MEASURE( 1.00000000000000E-06 ), #2572 );
#1507 = LINE( '', #2573, #2574 );
#1508 = CURVE_STYLE( '', #2575, POSITIVE_LENGTH_MEASURE( 1.00000000000000E-06 ), #2576 );
#1509 = VERTEX_POINT( '', #2577 );
#1510 = CIRCLE( '', #2578, 0.00350000000000000 );
#1511 = SURFACE_STYLE_USAGE( .BOTH., #2579 );
#1512 = FACE_OUTER_BOUND( '', #2580, .T. );
#1513 = FACE_OUTER_BOUND( '', #2581, .T. );
#1514 = CYLINDRICAL_SURFACE( '', #2582, 0.00250000000000000 );
#1515 = CURVE_STYLE( '', #2583, POSITIVE_LENGTH_MEASURE( 1.00000000000000E-06 ), #2584 );
#1516 = LINE( '', #2585, #2586 );
#1517 = CURVE_STYLE( '', #2587, POSITIVE_LENGTH_MEASURE( 1.00000000000000E-06 ), #2588 );
#1518 = LINE( '', #2589, #2590 );
#1519 = SURFACE_STYLE_USAGE( .BOTH., #2591 );
#1520 = FACE_OUTER_BOUND( '', #2592, .T. );
#1521 = PLANE( '', #2593 );
#1522 = CURVE_STYLE( '', #2594, POSITIVE_LENGTH_MEASURE( 1.00000000000000E-06 ), #2595 );
#1523 = LINE( '', #2596, #2597 );
#1524 = SURFACE_STYLE_USAGE( .BOTH., #2598 );
#1525 = FACE_OUTER_BOUND( '', #2599, .T. );
#1526 = CYLINDRICAL_SURFACE( '', #2600, 0.000500000000000000 );
#1527 = CURVE_STYLE( '', #2601, POSITIVE_LENGTH_MEASURE( 1.00000000000000E-06 ), #2602 );
#1528 = LINE( '', #2603, #2604 );
#1529 = CURVE_STYLE( '', #2605, POSITIVE_LENGTH_MEASURE( 1.00000000000000E-06 ), #2606 );
#1530 = LINE( '', #2607, #2608 );
#1531 = SURFACE_STYLE_USAGE( .BOTH., #2609 );
#1532 = FACE_OUTER_BOUND( '', #2610, .T. );
#1533 = PLANE( '', #2611 );
#1534 = CURVE_STYLE( '', #2612, POSITIVE_LENGTH_MEASURE( 1.00000000000000E-06 ), #2613 );
#1535 = LINE( '', #2614, #2615 );
#1536 = CURVE_STYLE( '', #2616, POSITIVE_LENGTH_MEASURE( 1.00000000000000E-06 ), #2617 );
#1537 = LINE( '', #2618, #2619 );
#1538 = CURVE_STYLE( '', #2620, POSITIVE_LENGTH_MEASURE( 1.00000000000000E-06 ), #2621 );
#1539 = LINE( '', #2622, #2623 );
#1540 = CURVE_STYLE( '', #2624, POSITIVE_LENGTH_MEASURE( 1.00000000000000E-06 ), #2625 );
#1541 = CIRCLE( '', #2626, 0.00250000000000000 );
#1542 = CURVE_STYLE( '', #2627, POSITIVE_LENGTH_MEASURE( 1.00000000000000E-06 ), #2628 );
#1543 = LINE( '', #2629, #2630 );
#1544 = CURVE_STYLE( '', #2631, POSITIVE_LENGTH_MEASURE( 1.00000000000000E-06 ), #2632 );
#1545 = LINE( '', #2633, #2634 );
#1546 = CURVE_STYLE( '', #2635, POSITIVE_LENGTH_MEASURE( 1.00000000000000E-06 ), #2636 );
#1547 = LINE( '', #2637, #2638 );
#1548 = CURVE_STYLE( '', #2639, POSITIVE_LENGTH_MEASURE( 1.00000000000000E-06 ), #2640 );
#1549 = LINE( '', #2641, #2642 );
#1550 = CURVE_STYLE( '', #2643, POSITIVE_LENGTH_MEASURE( 1.00000000000000E-06 ), #2644 );
#1551 = LINE( '', #2645, #2646 );
#1552 = CURVE_STYLE( '', #2647, POSITIVE_LENGTH_MEASURE( 1.00000000000000E-06 ), #2648 );
#1553 = LINE( '', #2649, #2650 );
#1554 = CURVE_STYLE( '', #2651, POSITIVE_LENGTH_MEASURE( 1.00000000000000E-06 ), #2652 );
#1555 = LINE( '', #2653, #2654 );
#1556 = CURVE_STYLE( '', #2655, POSITIVE_LENGTH_MEASURE( 1.00000000000000E-06 ), #2656 );
#1557 = LINE( '', #2657, #2658 );
#1558 = CURVE_STYLE( '', #2659, POSITIVE_LENGTH_MEASURE( 1.00000000000000E-06 ), #2660 );
#1559 = LINE( '', #2661, #2662 );
#1560 = SURFACE_STYLE_USAGE( .BOTH., #2663 );
#1561 = FACE_OUTER_BOUND( '', #2664, .T. );
#1562 = PLANE( '', #2665 );
#1563 = SURFACE_STYLE_USAGE( .BOTH., #2666 );
#1564 = FACE_OUTER_BOUND( '', #2667, .T. );
#1565 = CYLINDRICAL_SURFACE( '', #2668, 0.000500000000000000 );
#1566 = PRODUCT_CONTEXT( '', #273, 'mechanical' );
#1567 = PRODUCT_DEFINITION_FORMATION_WITH_SPECIFIED_SOURCE( ' ', 'NONE', #812, .NOT_KNOWN. );
#1568 = CLOSED_SHELL( '', ( #483, #707, #295, #575, #765, #641, #309, #647, #395, #377, #357, #583, #705, #613, #571, #359, #477, #445, #651, #567, #599, #523, #781, #381, #611, #667, #517, #753, #577, #389, #393, #629, #383, #385, #771, #345, #365, #397, #297, #579, #287, #675, #507, #757, #737, #581, #413, #543, #339, #307, #601, #337, #731, #311, #435, #589, #653, #775, #609, #451, #809, #433, #369, #321, #455, #289, #733, #811, #713, #341, #745, #603, #677, #371 ) );
#1569 = CARTESIAN_POINT( '', ( 0.00000000000000, 0.00000000000000, 0.00000000000000 ) );
#1570 = DIRECTION( '', ( 0.00000000000000, 0.00000000000000, 1.00000000000000 ) );
#1571 = DIRECTION( '', ( 1.00000000000000, 0.00000000000000, 0.00000000000000 ) );
#1572 =  ( LENGTH_UNIT(  )NAMED_UNIT( #821 )SI_UNIT( $, .METRE. ) );
#1573 = SURFACE_SIDE_STYLE( '', ( #2670 ) );
#1574 = EDGE_LOOP( '', ( #2671, #2672, #2673, #2674 ) );
#1575 = AXIS2_PLACEMENT_3D( '', #2675, #2676, #2677 );
#1576 = SURFACE_SIDE_STYLE( '', ( #2678 ) );
#1577 = EDGE_LOOP( '', ( #2679, #2680, #2681, #2682 ) );
#1578 = AXIS2_PLACEMENT_3D( '', #2683, #2684, #2685 );
#1579 = DRAUGHTING_PRE_DEFINED_CURVE_FONT( 'continuous' );
#1580 = COLOUR_RGB( '', 0.00000000000000, 0.00000000000000, 0.00000000000000 );
#1581 = CARTESIAN_POINT( '', ( 0.00451261900000000, 0.0158078170000000, -0.00346849700000000 ) );
#1582 = CARTESIAN_POINT( '', ( 0.00451261900000000, 0.0158078170000000, 3.15030000000000E-05 ) );
#1583 = CARTESIAN_POINT( '', ( 0.00451261900001000, 0.0158078170000100, -0.00346849700001000 ) );
#1584 = VECTOR( '', #2686, 1.00000000000000 );
#1585 = DRAUGHTING_PRE_DEFINED_CURVE_FONT( 'continuous' );
#1586 = COLOUR_RGB( '', 0.00000000000000, 0.00000000000000, 0.00000000000000 );
#1587 = CARTESIAN_POINT( '', ( 0.00651261900000000, 0.0158078170000000, 3.15030000000000E-05 ) );
#1588 = CARTESIAN_POINT( '', ( 0.00551261900000000, 0.0158078170000000, 3.15030000000000E-05 ) );
#1589 = CARTESIAN_POINT( '', ( 0.00551261900001000, 0.0158078170000100, 3.15030000100000E-05 ) );
#1590 = VECTOR( '', #2687, 1.00000000000000 );
#1591 = SURFACE_SIDE_STYLE( '', ( #2688 ) );
#1592 = EDGE_LOOP( '', ( #2689, #2690, #2691, #2692, #2693, #2694, #2695, #2696, #2697, #2698 ) );
#1593 = AXIS2_PLACEMENT_3D( '', #2699, #2700, #2701 );
#1594 = SURFACE_SIDE_STYLE( '', ( #2702 ) );
#1595 = EDGE_LOOP( '', ( #2703, #2704, #2705, #2706 ) );
#1596 = AXIS2_PLACEMENT_3D( '', #2707, #2708, #2709 );
#1597 = DRAUGHTING_PRE_DEFINED_CURVE_FONT( 'continuous' );
#1598 = COLOUR_RGB( '', 0.00000000000000, 0.00000000000000, 0.00000000000000 );
#1599 = CARTESIAN_POINT( '', ( -0.00348738100000000, 0.0108078170000000, 3.15030000000000E-05 ) );
#1600 = CARTESIAN_POINT( '', ( -0.00448738100000000, 0.0108078170000000, 3.15030000000000E-05 ) );
#1601 = CARTESIAN_POINT( '', ( -0.00448738100001000, 0.0108078170000100, 3.15030000100000E-05 ) );
#1602 = VECTOR( '', #2710, 1.00000000000000 );
#1603 = DRAUGHTING_PRE_DEFINED_CURVE_FONT( 'continuous' );
#1604 = COLOUR_RGB( '', 0.00000000000000, 0.00000000000000, 0.00000000000000 );
#1605 = CARTESIAN_POINT( '', ( -0.000487381000000000, 0.0158078170000000, 3.15030000000000E-05 ) );
#1606 = CARTESIAN_POINT( '', ( -0.000487381000000000, 0.0153078170000000, 3.15030000000000E-05 ) );
#1607 = CARTESIAN_POINT( '', ( -0.000487381000010000, 0.0158078170000100, 3.15030000100000E-05 ) );
#1608 = VECTOR( '', #2711, 1.00000000000000 );
#1609 = DRAUGHTING_PRE_DEFINED_CURVE_FONT( 'continuous' );
#1610 = COLOUR_RGB( '', 0.00000000000000, 0.00000000000000, 0.00000000000000 );
#1611 = CARTESIAN_POINT( '', ( 0.00351261900000000, 0.0108078170000000, 0.00103150300000000 ) );
#1612 = CARTESIAN_POINT( '', ( 0.00651261900000000, 0.0108078170000000, 0.00103150300000000 ) );
#1613 = CARTESIAN_POINT( '', ( 0.00351261900001000, 0.0108078170000100, 0.00103150300001000 ) );
#1614 = VECTOR( '', #2712, 1.00000000000000 );
#1615 = DRAUGHTING_PRE_DEFINED_CURVE_FONT( 'continuous' );
#1616 = COLOUR_RGB( '', 0.00000000000000, 0.00000000000000, 0.00000000000000 );
#1617 = CARTESIAN_POINT( '', ( -0.00548738100000000, 0.0108078170000000, 3.15030000000000E-05 ) );
#1618 = CARTESIAN_POINT( '', ( -0.00548738100000000, 0.0103078170000000, 3.15030000000000E-05 ) );
#1619 = CARTESIAN_POINT( '', ( -0.00548738100001000, 0.0108078170000100, 3.15030000100000E-05 ) );
#1620 = VECTOR( '', #2713, 1.00000000000000 );
#1621 = SURFACE_SIDE_STYLE( '', ( #2714 ) );
#1622 = EDGE_LOOP( '', ( #2715, #2716, #2717, #2718 ) );
#1623 = AXIS2_PLACEMENT_3D( '', #2719, #2720, #2721 );
#1624 = SURFACE_SIDE_STYLE( '', ( #2722 ) );
#1625 = EDGE_LOOP( '', ( #2723, #2724, #2725, #2726 ) );
#1626 = EDGE_LOOP( '', ( #2727, #2728, #2729, #2730 ) );
#1627 = EDGE_LOOP( '', ( #2731, #2732, #2733, #2734 ) );
#1628 = EDGE_LOOP( '', ( #2735, #2736, #2737, #2738 ) );
#1629 = EDGE_LOOP( '', ( #2739, #2740, #2741, #2742 ) );
#1630 = EDGE_LOOP( '', ( #2743, #2744, #2745, #2746 ) );
#1631 = EDGE_LOOP( '', ( #2747, #2748, #2749, #2750 ) );
#1632 = AXIS2_PLACEMENT_3D( '', #2751, #2752, #2753 );
#1633 = SURFACE_SIDE_STYLE( '', ( #2754 ) );
#1634 = EDGE_LOOP( '', ( #2755, #2756, #2757, #2758, #2759, #2760, #2761, #2762 ) );
#1635 = AXIS2_PLACEMENT_3D( '', #2763, #2764, #2765 );
#1636 = DRAUGHTING_PRE_DEFINED_CURVE_FONT( 'continuous' );
#1637 = COLOUR_RGB( '', 0.00000000000000, 0.00000000000000, 0.00000000000000 );
#1638 = CARTESIAN_POINT( '', ( -0.00243687074278300, -0.00199218300000000, 0.0130315030000000 ) );
#1639 = CARTESIAN_POINT( '', ( -0.00243687074278300, -0.00424218300000000, 0.0130315030000000 ) );
#1640 = CARTESIAN_POINT( '', ( -0.00243687074279300, 0.0125078170000100, 0.0130315030000100 ) );
#1641 = VECTOR( '', #2766, 1.00000000000000 );
#1642 = DRAUGHTING_PRE_DEFINED_CURVE_FONT( 'continuous' );
#1643 = COLOUR_RGB( '', 0.00000000000000, 0.00000000000000, 0.00000000000000 );
#1644 = CARTESIAN_POINT( '', ( 0.000512619000000000, 0.0108078170000000, -0.00346849700000000 ) );
#1645 = CARTESIAN_POINT( '', ( 0.000512619000000000, 0.0103078170000000, -0.00346849700000000 ) );
#1646 = CARTESIAN_POINT( '', ( 0.000512619000010000, 0.0108078170000100, -0.00346849700001000 ) );
#1647 = VECTOR( '', #2767, 1.00000000000000 );
#1648 = DRAUGHTING_PRE_DEFINED_CURVE_FONT( 'continuous' );
#1649 = COLOUR_RGB( '', 0.00000000000000, 0.00000000000000, 0.00000000000000 );
#1650 = CARTESIAN_POINT( '', ( -0.000487381000000000, 0.0103078170000000, -0.00346849700000000 ) );
#1651 = CARTESIAN_POINT( '', ( -0.000487381000000000, 0.0103078170000000, 3.15030000000000E-05 ) );
#1652 = CARTESIAN_POINT( '', ( -0.000487381000010000, 0.0103078170000100, -0.00346849700001000 ) );
#1653 = VECTOR( '', #2768, 1.00000000000000 );
#1654 = DRAUGHTING_PRE_DEFINED_CURVE_FONT( 'continuous' );
#1655 = COLOUR_RGB( '', 0.00000000000000, 0.00000000000000, 0.00000000000000 );
#1656 = CARTESIAN_POINT( '', ( -0.00548738100000000, 0.0158078170000000, 3.15030000000000E-05 ) );
#1657 = CARTESIAN_POINT( '', ( -0.00648738100000000, 0.0158078170000000, 3.15030000000000E-05 ) );
#1658 = CARTESIAN_POINT( '', ( -0.00548738100001000, 0.0158078170000100, 3.15030000100000E-05 ) );
#1659 = VECTOR( '', #2769, 1.00000000000000 );
#1660 = SURFACE_SIDE_STYLE( '', ( #2770 ) );
#1661 = EDGE_LOOP( '', ( #2771, #2772, #2773, #2774 ) );
#1662 = AXIS2_PLACEMENT_3D( '', #2775, #2776, #2777 );
#1663 = DRAUGHTING_PRE_DEFINED_CURVE_FONT( 'continuous' );
#1664 = COLOUR_RGB( '', 0.00000000000000, 0.00000000000000, 0.00000000000000 );
#1665 = CARTESIAN_POINT( '', ( 0.00151261900000000, 0.0103078170000000, 0.00103150300000000 ) );
#1666 = CARTESIAN_POINT( '', ( 0.00151261900000000, 0.0103078170000000, 3.15030000000000E-05 ) );
#1667 = CARTESIAN_POINT( '', ( 0.00151261900001000, 0.0103078170000100, 3.15030000100000E-05 ) );
#1668 = VECTOR( '', #2778, 1.00000000000000 );
#1669 = DRAUGHTING_PRE_DEFINED_CURVE_FONT( 'continuous' );
#1670 = COLOUR_RGB( '', 0.00000000000000, 0.00000000000000, 0.00000000000000 );
#1671 = CARTESIAN_POINT( '', ( 0.00351261900000000, 0.0153078170000000, 0.00103150300000000 ) );
#1672 = CARTESIAN_POINT( '', ( 0.00651261900000000, 0.0153078170000000, 0.00103150300000000 ) );
#1673 = CARTESIAN_POINT( '', ( 0.00351261900001000, 0.0153078170000100, 0.00103150300001000 ) );
#1674 = VECTOR( '', #2779, 1.00000000000000 );
#1675 = DRAUGHTING_PRE_DEFINED_CURVE_FONT( 'continuous' );
#1676 = COLOUR_RGB( '', 0.00000000000000, 0.00000000000000, 0.00000000000000 );
#1677 = CARTESIAN_POINT( '', ( -0.00148738100000000, 0.0103078170000000, 3.15030000000000E-05 ) );
#1678 = CARTESIAN_POINT( '', ( -0.000487381000010000, 0.0103078170000100, 3.15030000100000E-05 ) );
#1679 = VECTOR( '', #2780, 1.00000000000000 );
#1680 = DRAUGHTING_PRE_DEFINED_CURVE_FONT( 'continuous' );
#1681 = COLOUR_RGB( '', 0.00000000000000, 0.00000000000000, 0.00000000000000 );
#1682 = CARTESIAN_POINT( '', ( -0.00148738100000000, 0.0158078170000000, 3.15030000000000E-05 ) );
#1683 = CARTESIAN_POINT( '', ( -0.00148738100000000, 0.0158078170000000, 0.00103150300000000 ) );
#1684 = CARTESIAN_POINT( '', ( -0.00148738100001000, 0.0158078170000100, 3.15030000100000E-05 ) );
#1685 = VECTOR( '', #2781, 1.00000000000000 );
#1686 = DRAUGHTING_PRE_DEFINED_CURVE_FONT( 'continuous' );
#1687 = COLOUR_RGB( '', 0.00000000000000, 0.00000000000000, 0.00000000000000 );
#1688 = CARTESIAN_POINT( '', ( -0.00548738100000000, 0.0158078170000000, -0.00346849700000000 ) );
#1689 = CARTESIAN_POINT( '', ( -0.00548738100001000, 0.0158078170000100, -0.00346849700001000 ) );
#1690 = VECTOR( '', #2782, 1.00000000000000 );
#1691 = DRAUGHTING_PRE_DEFINED_CURVE_FONT( 'continuous' );
#1692 = COLOUR_RGB( '', 0.00000000000000, 0.00000000000000, 0.00000000000000 );
#1693 = CARTESIAN_POINT( '', ( -0.00348738100000000, 0.0153078170000000, 3.15030000000000E-05 ) );
#1694 = CARTESIAN_POINT( '', ( -0.00448738100000000, 0.0153078170000000, 3.15030000000000E-05 ) );
#1695 = CARTESIAN_POINT( '', ( -0.00448738100001000, 0.0153078170000100, 3.15030000100000E-05 ) );
#1696 = VECTOR( '', #2783, 1.00000000000000 );
#1697 = DRAUGHTING_PRE_DEFINED_CURVE_FONT( 'continuous' );
#1698 = COLOUR_RGB( '', 0.00000000000000, 0.00000000000000, 0.00000000000000 );
#1699 = CARTESIAN_POINT( '', ( 0.00451261900000000, 0.0153078170000000, -0.00346849700000000 ) );
#1700 = CARTESIAN_POINT( '', ( 0.00451261900001000, 0.0158078170000100, -0.00346849700001000 ) );
#1701 = VECTOR( '', #2784, 1.00000000000000 );
#1702 = SURFACE_SIDE_STYLE( '', ( #2785 ) );
#1703 = EDGE_LOOP( '', ( #2786, #2787, #2788, #2789 ) );
#1704 = AXIS2_PLACEMENT_3D( '', #2790, #2791, #2792 );
#1705 = SURFACE_SIDE_STYLE( '', ( #2793 ) );
#1706 = EDGE_LOOP( '', ( #2794, #2795, #2796, #2797 ) );
#1707 = AXIS2_PLACEMENT_3D( '', #2798, #2799, #2800 );
#1708 = SURFACE_SIDE_STYLE( '', ( #2801 ) );
#1709 = EDGE_LOOP( '', ( #2802, #2803, #2804, #2805, #2806, #2807, #2808, #2809 ) );
#1710 = AXIS2_PLACEMENT_3D( '', #2810, #2811, #2812 );
#1711 = DRAUGHTING_PRE_DEFINED_CURVE_FONT( 'continuous' );
#1712 = COLOUR_RGB( '', 0.00000000000000, 0.00000000000000, 0.00000000000000 );
#1713 = CARTESIAN_POINT( '', ( 0.00651261900000000, 0.0158078170000000, 0.00103150300000000 ) );
#1714 = CARTESIAN_POINT( '', ( 0.00651261900001000, 0.0158078170000100, 0.00103150300001000 ) );
#1715 = VECTOR( '', #2813, 1.00000000000000 );
#1716 = SURFACE_SIDE_STYLE( '', ( #2814 ) );
#1717 = EDGE_LOOP( '', ( #2815, #2816, #2817, #2818 ) );
#1718 = AXIS2_PLACEMENT_3D( '', #2819, #2820, #2821 );
#1719 = DRAUGHTING_PRE_DEFINED_CURVE_FONT( 'continuous' );
#1720 = COLOUR_RGB( '', 0.00000000000000, 0.00000000000000, 0.00000000000000 );
#1721 = CARTESIAN_POINT( '', ( 0.00297065889155000, -0.0177421830000000, 0.0120315030000000 ) );
#1722 = CARTESIAN_POINT( '', ( -0.00294542089155000, -0.0177421830000000, 0.0120315030000000 ) );
#1723 = AXIS2_PLACEMENT_3D( '', #2822, #2823, #2824 );
#1724 = DRAUGHTING_PRE_DEFINED_CURVE_FONT( 'continuous' );
#1725 = COLOUR_RGB( '', 0.00000000000000, 0.00000000000000, 0.00000000000000 );
#1726 = CARTESIAN_POINT( '', ( 0.00451261900000000, 0.0103078170000000, 3.15030000000000E-05 ) );
#1727 = CARTESIAN_POINT( '', ( 0.00351261900000000, 0.0103078170000000, 3.15030000000000E-05 ) );
#1728 = CARTESIAN_POINT( '', ( 0.00451261900001000, 0.0103078170000100, 3.15030000100000E-05 ) );
#1729 = VECTOR( '', #2825, 1.00000000000000 );
#1730 = DRAUGHTING_PRE_DEFINED_CURVE_FONT( 'continuous' );
#1731 = COLOUR_RGB( '', 0.00000000000000, 0.00000000000000, 0.00000000000000 );
#1732 = CARTESIAN_POINT( '', ( -0.00348738100000000, 0.0158078170000000, 0.00103150300000000 ) );
#1733 = CARTESIAN_POINT( '', ( -0.00348738100000000, 0.0158078170000000, 3.15030000000000E-05 ) );
#1734 = CARTESIAN_POINT( '', ( -0.00348738100001000, 0.0158078170000100, 3.15030000100000E-05 ) );
#1735 = VECTOR( '', #2826, 1.00000000000000 );
#1736 = DRAUGHTING_PRE_DEFINED_CURVE_FONT( 'continuous' );
#1737 = COLOUR_RGB( '', 0.00000000000000, 0.00000000000000, 0.00000000000000 );
#1738 = CARTESIAN_POINT( '', ( 0.00351261900000000, 0.0103078170000000, 0.00103150300000000 ) );
#1739 = CARTESIAN_POINT( '', ( 0.00651261900000000, 0.0103078170000000, 0.00103150300000000 ) );
#1740 = CARTESIAN_POINT( '', ( 0.00351261900001000, 0.0103078170000100, 0.00103150300001000 ) );
#1741 = VECTOR( '', #2827, 1.00000000000000 );
#1742 = DRAUGHTING_PRE_DEFINED_CURVE_FONT( 'continuous' );
#1743 = COLOUR_RGB( '', 0.00000000000000, 0.00000000000000, 0.00000000000000 );
#1744 = CARTESIAN_POINT( '', ( -0.00348738100001000, 0.0158078170000100, 3.15030000100000E-05 ) );
#1745 = VECTOR( '', #2828, 1.00000000000000 );
#1746 = SURFACE_SIDE_STYLE( '', ( #2829 ) );
#1747 = EDGE_LOOP( '', ( #2830, #2831, #2832, #2833 ) );
#1748 = AXIS2_PLACEMENT_3D( '', #2834, #2835, #2836 );
#1749 = SURFACE_SIDE_STYLE( '', ( #2837 ) );
#1750 = EDGE_LOOP( '', ( #2838 ) );
#1751 = EDGE_LOOP( '', ( #2839 ) );
#1752 = AXIS2_PLACEMENT_3D( '', #2840, #2841, #2842 );
#1753 = DRAUGHTING_PRE_DEFINED_CURVE_FONT( 'continuous' );
#1754 = COLOUR_RGB( '', 0.00000000000000, 0.00000000000000, 0.00000000000000 );
#1755 = CARTESIAN_POINT( '', ( -0.00294542089155000, -0.0177421830000000, 0.0130315030000000 ) );
#1756 = CARTESIAN_POINT( '', ( 0.00297065889155000, -0.0177421830000000, 0.0130315030000000 ) );
#1757 = AXIS2_PLACEMENT_3D( '', #2843, #2844, #2845 );
#1758 = DRAUGHTING_PRE_DEFINED_CURVE_FONT( 'continuous' );
#1759 = COLOUR_RGB( '', 0.00000000000000, 0.00000000000000, 0.00000000000000 );
#1760 = CARTESIAN_POINT( '', ( -0.00348738100000000, 0.0103078170000000, 0.00103150300000000 ) );
#1761 = CARTESIAN_POINT( '', ( -0.00348738100000000, 0.0103078170000000, 3.15030000000000E-05 ) );
#1762 = CARTESIAN_POINT( '', ( -0.00348738100001000, 0.0103078170000100, 3.15030000100000E-05 ) );
#1763 = VECTOR( '', #2846, 1.00000000000000 );
#1764 = SURFACE_SIDE_STYLE( '', ( #2847 ) );
#1765 = EDGE_LOOP( '', ( #2848, #2849, #2850, #2851, #2852, #2853, #2854, #2855, #2856, #2857 ) );
#1766 = AXIS2_PLACEMENT_3D( '', #2858, #2859, #2860 );
#1767 = DRAUGHTING_PRE_DEFINED_CURVE_FONT( 'continuous' );
#1768 = COLOUR_RGB( '', 0.00000000000000, 0.00000000000000, 0.00000000000000 );
#1769 = CARTESIAN_POINT( '', ( -0.00648738100000000, 0.0103078170000000, 3.15030000000000E-05 ) );
#1770 = CARTESIAN_POINT( '', ( -0.00648738100000000, 0.0103078170000000, 0.00103150300000000 ) );
#1771 = CARTESIAN_POINT( '', ( -0.00648738100001000, 0.0103078170000100, 3.15030000100000E-05 ) );
#1772 = VECTOR( '', #2861, 1.00000000000000 );
#1773 = SURFACE_SIDE_STYLE( '', ( #2862 ) );
#1774 = EDGE_LOOP( '', ( #2863, #2864, #2865, #2866 ) );
#1775 = AXIS2_PLACEMENT_3D( '', #2867, #2868, #2869 );
#1776 = SURFACE_SIDE_STYLE( '', ( #2870 ) );
#1777 = EDGE_LOOP( '', ( #2871, #2872, #2873, #2874 ) );
#1778 = AXIS2_PLACEMENT_3D( '', #2875, #2876, #2877 );
#1779 = DRAUGHTING_PRE_DEFINED_CURVE_FONT( 'continuous' );
#1780 = COLOUR_RGB( '', 0.00000000000000, 0.00000000000000, 0.00000000000000 );
#1781 = CARTESIAN_POINT( '', ( 0.00351261900000000, 0.0158078170000000, 3.15030000000000E-05 ) );
#1782 = CARTESIAN_POINT( '', ( 0.00351261900000000, 0.0153078170000000, 3.15030000000000E-05 ) );
#1783 = CARTESIAN_POINT( '', ( 0.00351261900001000, 0.0158078170000100, 3.15030000100000E-05 ) );
#1784 = VECTOR( '', #2878, 1.00000000000000 );
#1785 = DRAUGHTING_PRE_DEFINED_CURVE_FONT( 'continuous' );
#1786 = COLOUR_RGB( '', 0.00000000000000, 0.00000000000000, 0.00000000000000 );
#1787 = CARTESIAN_POINT( '', ( -0.00648738100001000, 0.0103078170000100, 0.00103150300001000 ) );
#1788 = VECTOR( '', #2879, 1.00000000000000 );
#1789 = SURFACE_SIDE_STYLE( '', ( #2880 ) );
#1790 = EDGE_LOOP( '', ( #2881, #2882, #2883, #2884, #2885, #2886, #2887, #2888 ) );
#1791 = AXIS2_PLACEMENT_3D( '', #2889, #2890, #2891 );
#1792 = DRAUGHTING_PRE_DEFINED_CURVE_FONT( 'continuous' );
#1793 = COLOUR_RGB( '', 0.00000000000000, 0.00000000000000, 0.00000000000000 );
#1794 = CARTESIAN_POINT( '', ( -0.00548738100000000, 0.0103078170000000, -0.00346849700000000 ) );
#1795 = CARTESIAN_POINT( '', ( -0.00548738100001000, 0.0103078170000100, -0.00346849700001000 ) );
#1796 = VECTOR( '', #2892, 1.00000000000000 );
#1797 = SURFACE_SIDE_STYLE( '', ( #2893 ) );
#1798 = EDGE_LOOP( '', ( #2894, #2895, #2896, #2897 ) );
#1799 = AXIS2_PLACEMENT_3D( '', #2898, #2899, #2900 );
#1800 = SURFACE_SIDE_STYLE( '', ( #2901 ) );
#1801 = EDGE_LOOP( '', ( #2902, #2903, #2904, #2905, #2906, #2907, #2908, #2909 ) );
#1802 = AXIS2_PLACEMENT_3D( '', #2910, #2911, #2912 );
#1803 = SURFACE_SIDE_STYLE( '', ( #2913 ) );
#1804 = EDGE_LOOP( '', ( #2914, #2915, #2916, #2917 ) );
#1805 = AXIS2_PLACEMENT_3D( '', #2918, #2919, #2920 );
#1806 = DRAUGHTING_PRE_DEFINED_CURVE_FONT( 'continuous' );
#1807 = COLOUR_RGB( '', 0.00000000000000, 0.00000000000000, 0.00000000000000 );
#1808 = CARTESIAN_POINT( '', ( 0.000512619000000000, 0.0153078170000000, -0.00346849700000000 ) );
#1809 = CARTESIAN_POINT( '', ( -0.000487381000000000, 0.0153078170000000, -0.00346849700000000 ) );
#1810 = AXIS2_PLACEMENT_3D( '', #2921, #2922, #2923 );
#1811 = SURFACE_SIDE_STYLE( '', ( #2924 ) );
#1812 = EDGE_LOOP( '', ( #2925, #2926, #2927, #2928 ) );
#1813 = AXIS2_PLACEMENT_3D( '', #2929, #2930, #2931 );
#1814 = DRAUGHTING_PRE_DEFINED_CURVE_FONT( 'continuous' );
#1815 = COLOUR_RGB( '', 0.00000000000000, 0.00000000000000, 0.00000000000000 );
#1816 = CARTESIAN_POINT( '', ( 0.00246210874278300, -0.00199218300000000, 0.0120315030000000 ) );
#1817 = CARTESIAN_POINT( '', ( 0.00246210874278300, -0.00424218300000000, 0.0120315030000000 ) );
#1818 = CARTESIAN_POINT( '', ( 0.00246210874279300, 0.0125078170000100, 0.0120315030000100 ) );
#1819 = VECTOR( '', #2932, 1.00000000000000 );
#1820 = SURFACE_SIDE_STYLE( '', ( #2933 ) );
#1821 = EDGE_LOOP( '', ( #2934, #2935, #2936, #2937 ) );
#1822 = AXIS2_PLACEMENT_3D( '', #2938, #2939, #2940 );
#1823 = SURFACE_SIDE_STYLE( '', ( #2941 ) );
#1824 = EDGE_LOOP( '', ( #2942, #2943, #2944, #2945 ) );
#1825 = AXIS2_PLACEMENT_3D( '', #2946, #2947, #2948 );
#1826 = SURFACE_SIDE_STYLE( '', ( #2949 ) );
#1827 = EDGE_LOOP( '', ( #2950, #2951, #2952, #2953 ) );
#1828 = AXIS2_PLACEMENT_3D( '', #2954, #2955, #2956 );
#1829 = DRAUGHTING_PRE_DEFINED_CURVE_FONT( 'continuous' );
#1830 = COLOUR_RGB( '', 0.00000000000000, 0.00000000000000, 0.00000000000000 );
#1831 = CARTESIAN_POINT( '', ( -0.00243687074278300, -0.00199218300000000, 0.0120315030000000 ) );
#1832 = AXIS2_PLACEMENT_3D( '', #2957, #2958, #2959 );
#1833 = DRAUGHTING_PRE_DEFINED_CURVE_FONT( 'continuous' );
#1834 = COLOUR_RGB( '', 0.00000000000000, 0.00000000000000, 0.00000000000000 );
#1835 = CARTESIAN_POINT( '', ( -0.00448738100000000, 0.0108078170000000, -0.00346849700000000 ) );
#1836 = CARTESIAN_POINT( '', ( -0.00548738100000000, 0.0108078170000000, -0.00346849700000000 ) );
#1837 = AXIS2_PLACEMENT_3D( '', #2960, #2961, #2962 );
#1838 = DRAUGHTING_PRE_DEFINED_CURVE_FONT( 'continuous' );
#1839 = COLOUR_RGB( '', 0.00000000000000, 0.00000000000000, 0.00000000000000 );
#1840 = CARTESIAN_POINT( '', ( 0.00551261900000000, 0.0108078170000000, 3.15030000000000E-05 ) );
#1841 = CARTESIAN_POINT( '', ( 0.00551261900000000, 0.0108078170000000, -0.00346849700000000 ) );
#1842 = CARTESIAN_POINT( '', ( 0.00551261900001000, 0.0108078170000100, -0.00346849700001000 ) );
#1843 = VECTOR( '', #2963, 1.00000000000000 );
#1844 = DRAUGHTING_PRE_DEFINED_CURVE_FONT( 'continuous' );
#1845 = COLOUR_RGB( '', 0.00000000000000, 0.00000000000000, 0.00000000000000 );
#1846 = CARTESIAN_POINT( '', ( 0.000512619000000000, 0.0158078170000000, -0.00346849700000000 ) );
#1847 = CARTESIAN_POINT( '', ( -0.000487381000000000, 0.0158078170000000, -0.00346849700000000 ) );
#1848 = AXIS2_PLACEMENT_3D( '', #2964, #2965, #2966 );
#1849 = DRAUGHTING_PRE_DEFINED_CURVE_FONT( 'continuous' );
#1850 = COLOUR_RGB( '', 0.00000000000000, 0.00000000000000, 0.00000000000000 );
#1851 = CARTESIAN_POINT( '', ( 0.00731261900000000, 0.0182578170000000, 0.00103150300000000 ) );
#1852 = CARTESIAN_POINT( '', ( -0.00728738100000000, 0.0182578170000000, 0.00103150300000000 ) );
#1853 = CARTESIAN_POINT( '', ( 0.00731261900001000, 0.0182578170000100, 0.00103150300001000 ) );
#1854 = VECTOR( '', #2967, 1.00000000000000 );
#1855 = DRAUGHTING_PRE_DEFINED_CURVE_FONT( 'continuous' );
#1856 = COLOUR_RGB( '', 0.00000000000000, 0.00000000000000, 0.00000000000000 );
#1857 = CARTESIAN_POINT( '', ( 0.00551261900000000, 0.0153078170000000, 3.15030000000000E-05 ) );
#1858 = CARTESIAN_POINT( '', ( 0.00551261900000000, 0.0153078170000000, -0.00346849700000000 ) );
#1859 = CARTESIAN_POINT( '', ( 0.00551261900001000, 0.0153078170000100, -0.00346849700001000 ) );
#1860 = VECTOR( '', #2968, 1.00000000000000 );
#1861 = DRAUGHTING_PRE_DEFINED_CURVE_FONT( 'continuous' );
#1862 = COLOUR_RGB( '', 0.00000000000000, 0.00000000000000, 0.00000000000000 );
#1863 = CARTESIAN_POINT( '', ( -0.00448738100000000, 0.0103078170000000, 3.15030000000000E-05 ) );
#1864 = CARTESIAN_POINT( '', ( -0.00448738100001000, 0.0103078170000100, 3.15030000100000E-05 ) );
#1865 = VECTOR( '', #2969, 1.00000000000000 );
#1866 = SURFACE_SIDE_STYLE( '', ( #2970 ) );
#1867 = EDGE_LOOP( '', ( #2971, #2972, #2973, #2974 ) );
#1868 = AXIS2_PLACEMENT_3D( '', #2975, #2976, #2977 );
#1869 = DRAUGHTING_PRE_DEFINED_CURVE_FONT( 'continuous' );
#1870 = COLOUR_RGB( '', 0.00000000000000, 0.00000000000000, 0.00000000000000 );
#1871 = CARTESIAN_POINT( '', ( -0.00243687074278300, -0.0182421830000000, 0.0120315030000000 ) );
#1872 = CARTESIAN_POINT( '', ( 0.00246210874278300, -0.0182421830000000, 0.0120315030000000 ) );
#1873 = AXIS2_PLACEMENT_3D( '', #2978, #2979, #2980 );
#1874 = DRAUGHTING_PRE_DEFINED_CURVE_FONT( 'continuous' );
#1875 = COLOUR_RGB( '', 0.00000000000000, 0.00000000000000, 0.00000000000000 );
#1876 = CARTESIAN_POINT( '', ( -0.00648738100000000, 0.0108078170000000, 0.00103150300000000 ) );
#1877 = CARTESIAN_POINT( '', ( -0.00648738100001000, 0.0108078170000100, 0.00103150300001000 ) );
#1878 = VECTOR( '', #2981, 1.00000000000000 );
#1879 = DRAUGHTING_PRE_DEFINED_CURVE_FONT( 'continuous' );
#1880 = COLOUR_RGB( '', 0.00000000000000, 0.00000000000000, 0.00000000000000 );
#1881 = CARTESIAN_POINT( '', ( -0.00648738100000000, 0.0108078170000000, 3.15030000000000E-05 ) );
#1882 = CARTESIAN_POINT( '', ( -0.00648738100001000, 0.0108078170000100, 3.15030000100000E-05 ) );
#1883 = VECTOR( '', #2982, 1.00000000000000 );
#1884 = DRAUGHTING_PRE_DEFINED_CURVE_FONT( 'continuous' );
#1885 = COLOUR_RGB( '', 0.00000000000000, 0.00000000000000, 0.00000000000000 );
#1886 = CARTESIAN_POINT( '', ( -0.00348738100000000, 0.0153078170000000, 0.00103150300000000 ) );
#1887 = CARTESIAN_POINT( '', ( -0.00348738100001000, 0.0153078170000100, 3.15030000100000E-05 ) );
#1888 = VECTOR( '', #2983, 1.00000000000000 );
#1889 = DRAUGHTING_PRE_DEFINED_CURVE_FONT( 'continuous' );
#1890 = COLOUR_RGB( '', 0.00000000000000, 0.00000000000000, 0.00000000000000 );
#1891 = CARTESIAN_POINT( '', ( 0.00351261900001000, 0.0108078170000100, 0.00103150300001000 ) );
#1892 = VECTOR( '', #2984, 1.00000000000000 );
#1893 = DRAUGHTING_PRE_DEFINED_CURVE_FONT( 'continuous' );
#1894 = COLOUR_RGB( '', 0.00000000000000, 0.00000000000000, 0.00000000000000 );
#1895 = CARTESIAN_POINT( '', ( 0.00651261900001000, 0.0158078170000100, 3.15030000100000E-05 ) );
#1896 = VECTOR( '', #2985, 1.00000000000000 );
#1897 = DRAUGHTING_PRE_DEFINED_CURVE_FONT( 'continuous' );
#1898 = COLOUR_RGB( '', 0.00000000000000, 0.00000000000000, 0.00000000000000 );
#1899 = CARTESIAN_POINT( '', ( 0.00451261900000000, 0.0108078170000000, 3.15030000000000E-05 ) );
#1900 = CARTESIAN_POINT( '', ( 0.00451261900001000, 0.0108078170000100, 3.15030000100000E-05 ) );
#1901 = VECTOR( '', #2986, 1.00000000000000 );
#1902 = DRAUGHTING_PRE_DEFINED_CURVE_FONT( 'continuous' );
#1903 = COLOUR_RGB( '', 0.00000000000000, 0.00000000000000, 0.00000000000000 );
#1904 = CARTESIAN_POINT( '', ( -0.00294542089155000, -0.00424218300000000, 0.0130315030000000 ) );
#1905 = CARTESIAN_POINT( '', ( 0.00297065889155000, -0.00424218300000000, 0.0130315030000000 ) );
#1906 = AXIS2_PLACEMENT_3D( '', #2987, #2988, #2989 );
#1907 = DRAUGHTING_PRE_DEFINED_CURVE_FONT( 'continuous' );
#1908 = COLOUR_RGB( '', 0.00000000000000, 0.00000000000000, 0.00000000000000 );
#1909 = CARTESIAN_POINT( '', ( 0.00297065889155000, -0.00424218300000000, 0.0120315030000000 ) );
#1910 = CARTESIAN_POINT( '', ( -0.00294542089155000, -0.00424218300000000, 0.0120315030000000 ) );
#1911 = AXIS2_PLACEMENT_3D( '', #2990, #2991, #2992 );
#1912 = SURFACE_SIDE_STYLE( '', ( #2993 ) );
#1913 = EDGE_LOOP( '', ( #2994, #2995, #2996, #2997 ) );
#1914 = AXIS2_PLACEMENT_3D( '', #2998, #2999, #3000 );
#1915 = SURFACE_SIDE_STYLE( '', ( #3001 ) );
#1916 = EDGE_LOOP( '', ( #3002, #3003, #3004, #3005 ) );
#1917 = AXIS2_PLACEMENT_3D( '', #3006, #3007, #3008 );
#1918 = DRAUGHTING_PRE_DEFINED_CURVE_FONT( 'continuous' );
#1919 = COLOUR_RGB( '', 0.00000000000000, 0.00000000000000, 0.00000000000000 );
#1920 = CARTESIAN_POINT( '', ( -0.000487381000000000, 0.0108078170000000, -0.00346849700000000 ) );
#1921 = CARTESIAN_POINT( '', ( -0.000487381000000000, 0.0108078170000000, 3.15030000000000E-05 ) );
#1922 = CARTESIAN_POINT( '', ( -0.000487381000010000, 0.0108078170000100, -0.00346849700001000 ) );
#1923 = VECTOR( '', #3009, 1.00000000000000 );
#1924 = DRAUGHTING_PRE_DEFINED_CURVE_FONT( 'continuous' );
#1925 = COLOUR_RGB( '', 0.00000000000000, 0.00000000000000, 0.00000000000000 );
#1926 = CARTESIAN_POINT( '', ( -0.00448738100000000, 0.0158078170000000, 3.15030000000000E-05 ) );
#1927 = CARTESIAN_POINT( '', ( -0.00448738100001000, 0.0158078170000100, 3.15030000100000E-05 ) );
#1928 = VECTOR( '', #3010, 1.00000000000000 );
#1929 = DRAUGHTING_PRE_DEFINED_CURVE_FONT( 'continuous' );
#1930 = COLOUR_RGB( '', 0.00000000000000, 0.00000000000000, 0.00000000000000 );
#1931 = AXIS2_PLACEMENT_3D( '', #3011, #3012, #3013 );
#1932 = DRAUGHTING_PRE_DEFINED_CURVE_FONT( 'continuous' );
#1933 = COLOUR_RGB( '', 0.00000000000000, 0.00000000000000, 0.00000000000000 );
#1934 = CARTESIAN_POINT( '', ( 0.00651261900000000, 0.0108078170000000, 3.15030000000000E-05 ) );
#1935 = CARTESIAN_POINT( '', ( 0.00551261900001000, 0.0108078170000100, 3.15030000100000E-05 ) );
#1936 = VECTOR( '', #3014, 1.00000000000000 );
#1937 = SURFACE_SIDE_STYLE( '', ( #3015 ) );
#1938 = EDGE_LOOP( '', ( #3016, #3017, #3018, #3019 ) );
#1939 = AXIS2_PLACEMENT_3D( '', #3020, #3021, #3022 );
#1940 = DRAUGHTING_PRE_DEFINED_CURVE_FONT( 'continuous' );
#1941 = COLOUR_RGB( '', 0.00000000000000, 0.00000000000000, 0.00000000000000 );
#1942 = CARTESIAN_POINT( '', ( 0.00246210874278300, -0.0182421830000000, 0.0130315030000000 ) );
#1943 = CARTESIAN_POINT( '', ( -0.00243687074278300, -0.0182421830000000, 0.0130315030000000 ) );
#1944 = CARTESIAN_POINT( '', ( 0.00851261900001000, -0.0182421830000100, 0.0130315030000100 ) );
#1945 = VECTOR( '', #3023, 1.00000000000000 );
#1946 = DRAUGHTING_PRE_DEFINED_CURVE_FONT( 'continuous' );
#1947 = COLOUR_RGB( '', 0.00000000000000, 0.00000000000000, 0.00000000000000 );
#1948 = CARTESIAN_POINT( '', ( -0.00448738100000000, 0.0158078170000000, -0.00346849700000000 ) );
#1949 = CARTESIAN_POINT( '', ( -0.00448738100000000, 0.0153078170000000, -0.00346849700000000 ) );
#1950 = CARTESIAN_POINT( '', ( -0.00448738100001000, 0.0158078170000100, -0.00346849700001000 ) );
#1951 = VECTOR( '', #3024, 1.00000000000000 );
#1952 = SURFACE_SIDE_STYLE( '', ( #3025 ) );
#1953 = EDGE_LOOP( '', ( #3026, #3027, #3028, #3029, #3030, #3031, #3032, #3033 ) );
#1954 = AXIS2_PLACEMENT_3D( '', #3034, #3035, #3036 );
#1955 = DRAUGHTING_PRE_DEFINED_CURVE_FONT( 'continuous' );
#1956 = COLOUR_RGB( '', 0.00000000000000, 0.00000000000000, 0.00000000000000 );
#1957 = CARTESIAN_POINT( '', ( 0.00246210874278300, -0.00424218300000000, 0.0130315030000000 ) );
#1958 = AXIS2_PLACEMENT_3D( '', #3037, #3038, #3039 );
#1959 = SURFACE_SIDE_STYLE( '', ( #3040 ) );
#1960 = EDGE_LOOP( '', ( #3041, #3042, #3043, #3044, #3045, #3046, #3047, #3048 ) );
#1961 = AXIS2_PLACEMENT_3D( '', #3049, #3050, #3051 );
#1962 = DRAUGHTING_PRE_DEFINED_CURVE_FONT( 'continuous' );
#1963 = COLOUR_RGB( '', 0.00000000000000, 0.00000000000000, 0.00000000000000 );
#1964 = CARTESIAN_POINT( '', ( -0.00148738100000000, 0.0153078170000000, 0.00103150300000000 ) );
#1965 = CARTESIAN_POINT( '', ( 0.00151261900000000, 0.0153078170000000, 0.00103150300000000 ) );
#1966 = CARTESIAN_POINT( '', ( -0.00148738100001000, 0.0153078170000100, 0.00103150300001000 ) );
#1967 = VECTOR( '', #3052, 1.00000000000000 );
#1968 = DRAUGHTING_PRE_DEFINED_CURVE_FONT( 'continuous' );
#1969 = COLOUR_RGB( '', 0.00000000000000, 0.00000000000000, 0.00000000000000 );
#1970 = CARTESIAN_POINT( '', ( -0.00148738100000000, 0.0108078170000000, 0.00103150300000000 ) );
#1971 = CARTESIAN_POINT( '', ( 0.00151261900000000, 0.0108078170000000, 0.00103150300000000 ) );
#1972 = CARTESIAN_POINT( '', ( -0.00148738100001000, 0.0108078170000100, 0.00103150300001000 ) );
#1973 = VECTOR( '', #3053, 1.00000000000000 );
#1974 = DRAUGHTING_PRE_DEFINED_CURVE_FONT( 'continuous' );
#1975 = COLOUR_RGB( '', 0.00000000000000, 0.00000000000000, 0.00000000000000 );
#1976 = AXIS2_PLACEMENT_3D( '', #3054, #3055, #3056 );
#1977 = DRAUGHTING_PRE_DEFINED_CURVE_FONT( 'continuous' );
#1978 = COLOUR_RGB( '', 0.00000000000000, 0.00000000000000, 0.00000000000000 );
#1979 = CARTESIAN_POINT( '', ( -0.00548738100001000, 0.0108078170000100, 3.15030000100000E-05 ) );
#1980 = VECTOR( '', #3057, 1.00000000000000 );
#1981 = DRAUGHTING_PRE_DEFINED_CURVE_FONT( 'continuous' );
#1982 = COLOUR_RGB( '', 0.00000000000000, 0.00000000000000, 0.00000000000000 );
#1983 = CARTESIAN_POINT( '', ( 0.00851261900001000, -0.0182421830000100, 0.0120315030000100 ) );
#1984 = VECTOR( '', #3058, 1.00000000000000 );
#1985 = DRAUGHTING_PRE_DEFINED_CURVE_FONT( 'continuous' );
#1986 = COLOUR_RGB( '', 0.00000000000000, 0.00000000000000, 0.00000000000000 );
#1987 = CARTESIAN_POINT( '', ( 0.00731261900000000, 0.0182578170000000, 0.00817719478858500 ) );
#1988 = CARTESIAN_POINT( '', ( 0.00731261900001000, 0.0182578170000100, 0.00817719478859500 ) );
#1989 = VECTOR( '', #3059, 1.00000000000000 );
#1990 = DRAUGHTING_PRE_DEFINED_CURVE_FONT( 'continuous' );
#1991 = COLOUR_RGB( '', 0.00000000000000, 0.00000000000000, 0.00000000000000 );
#1992 = CARTESIAN_POINT( '', ( 0.00451261900000000, 0.0153078170000000, 3.15030000000000E-05 ) );
#1993 = CARTESIAN_POINT( '', ( 0.00451261900001000, 0.0153078170000100, -0.00346849700001000 ) );
#1994 = VECTOR( '', #3060, 1.00000000000000 );
#1995 = DRAUGHTING_PRE_DEFINED_CURVE_FONT( 'continuous' );
#1996 = COLOUR_RGB( '', 0.00000000000000, 0.00000000000000, 0.00000000000000 );
#1997 = CARTESIAN_POINT( '', ( -0.000487381000010000, 0.0158078170000100, 3.15030000100000E-05 ) );
#1998 = VECTOR( '', #3061, 1.00000000000000 );
#1999 = DRAUGHTING_PRE_DEFINED_CURVE_FONT( 'continuous' );
#2000 = COLOUR_RGB( '', 0.00000000000000, 0.00000000000000, 0.00000000000000 );
#2001 = CARTESIAN_POINT( '', ( -0.00548738100000000, 0.0153078170000000, -0.00346849700000000 ) );
#2002 = CARTESIAN_POINT( '', ( -0.00548738100000000, 0.0153078170000000, 3.15030000000000E-05 ) );
#2003 = CARTESIAN_POINT( '', ( -0.00548738100001000, 0.0153078170000100, -0.00346849700001000 ) );
#2004 = VECTOR( '', #3062, 1.00000000000000 );
#2005 = DRAUGHTING_PRE_DEFINED_CURVE_FONT( 'continuous' );
#2006 = COLOUR_RGB( '', 0.00000000000000, 0.00000000000000, 0.00000000000000 );
#2007 = CARTESIAN_POINT( '', ( -0.00348738100000000, 0.0108078170000000, 0.00103150300000000 ) );
#2008 = CARTESIAN_POINT( '', ( -0.00348738100001000, 0.0108078170000100, 0.00103150300001000 ) );
#2009 = VECTOR( '', #3063, 1.00000000000000 );
#2010 = SURFACE_SIDE_STYLE( '', ( #3064 ) );
#2011 = EDGE_LOOP( '', ( #3065, #3066 ) );
#2012 = AXIS2_PLACEMENT_3D( '', #3067, #3068, #3069 );
#2013 = DRAUGHTING_PRE_DEFINED_CURVE_FONT( 'continuous' );
#2014 = COLOUR_RGB( '', 0.00000000000000, 0.00000000000000, 0.00000000000000 );
#2015 = CARTESIAN_POINT( '', ( 0.00297065889156000, 0.0125078170000100, 0.0120315030000100 ) );
#2016 = VECTOR( '', #3070, 1.00000000000000 );
#2017 = DRAUGHTING_PRE_DEFINED_CURVE_FONT( 'continuous' );
#2018 = COLOUR_RGB( '', 0.00000000000000, 0.00000000000000, 0.00000000000000 );
#2019 = AXIS2_PLACEMENT_3D( '', #3071, #3072, #3073 );
#2020 = SURFACE_SIDE_STYLE( '', ( #3074 ) );
#2021 = EDGE_LOOP( '', ( #3075, #3076, #3077, #3078 ) );
#2022 = AXIS2_PLACEMENT_3D( '', #3079, #3080, #3081 );
#2023 = DRAUGHTING_PRE_DEFINED_CURVE_FONT( 'continuous' );
#2024 = COLOUR_RGB( '', 0.00000000000000, 0.00000000000000, 0.00000000000000 );
#2025 = CARTESIAN_POINT( '', ( 0.00351261900000000, 0.0108078170000000, 3.15030000000000E-05 ) );
#2026 = CARTESIAN_POINT( '', ( 0.00351261900001000, 0.0108078170000100, 3.15030000100000E-05 ) );
#2027 = VECTOR( '', #3082, 1.00000000000000 );
#2028 = DRAUGHTING_PRE_DEFINED_CURVE_FONT( 'continuous' );
#2029 = COLOUR_RGB( '', 0.00000000000000, 0.00000000000000, 0.00000000000000 );
#2030 = CARTESIAN_POINT( '', ( -0.00348738100001000, 0.0108078170000100, 3.15030000100000E-05 ) );
#2031 = VECTOR( '', #3083, 1.00000000000000 );
#2032 = DRAUGHTING_PRE_DEFINED_CURVE_FONT( 'continuous' );
#2033 = COLOUR_RGB( '', 0.00000000000000, 0.00000000000000, 0.00000000000000 );
#2034 = CARTESIAN_POINT( '', ( 0.000512619000000000, 0.0158078170000000, 3.15030000000000E-05 ) );
#2035 = CARTESIAN_POINT( '', ( 0.000512619000000000, 0.0153078170000000, 3.15030000000000E-05 ) );
#2036 = CARTESIAN_POINT( '', ( 0.000512619000010000, 0.0158078170000100, 3.15030000100000E-05 ) );
#2037 = VECTOR( '', #3084, 1.00000000000000 );
#2038 = DRAUGHTING_PRE_DEFINED_CURVE_FONT( 'continuous' );
#2039 = COLOUR_RGB( '', 0.00000000000000, 0.00000000000000, 0.00000000000000 );
#2040 = CARTESIAN_POINT( '', ( -0.00648738100000000, 0.0158078170000000, 0.00103150300000000 ) );
#2041 = CARTESIAN_POINT( '', ( -0.00648738100001000, 0.0158078170000100, 3.15030000100000E-05 ) );
#2042 = VECTOR( '', #3085, 1.00000000000000 );
#2043 = DRAUGHTING_PRE_DEFINED_CURVE_FONT( 'continuous' );
#2044 = COLOUR_RGB( '', 0.00000000000000, 0.00000000000000, 0.00000000000000 );
#2045 = CARTESIAN_POINT( '', ( 0.00651261900001000, 0.0108078170000100, 3.15030000100000E-05 ) );
#2046 = VECTOR( '', #3086, 1.00000000000000 );
#2047 = DRAUGHTING_PRE_DEFINED_CURVE_FONT( 'continuous' );
#2048 = COLOUR_RGB( '', 0.00000000000000, 0.00000000000000, 0.00000000000000 );
#2049 = CARTESIAN_POINT( '', ( -0.00648738100000000, 0.0153078170000000, 3.15030000000000E-05 ) );
#2050 = CARTESIAN_POINT( '', ( -0.00648738100000000, 0.0153078170000000, 0.00103150300000000 ) );
#2051 = CARTESIAN_POINT( '', ( -0.00648738100001000, 0.0153078170000100, 3.15030000100000E-05 ) );
#2052 = VECTOR( '', #3087, 1.00000000000000 );
#2053 = DRAUGHTING_PRE_DEFINED_CURVE_FONT( 'continuous' );
#2054 = COLOUR_RGB( '', 0.00000000000000, 0.00000000000000, 0.00000000000000 );
#2055 = CARTESIAN_POINT( '', ( 0.00351261900001000, 0.0103078170000100, 3.15030000100000E-05 ) );
#2056 = VECTOR( '', #3088, 1.00000000000000 );
#2057 = DRAUGHTING_PRE_DEFINED_CURVE_FONT( 'continuous' );
#2058 = COLOUR_RGB( '', 0.00000000000000, 0.00000000000000, 0.00000000000000 );
#2059 = CARTESIAN_POINT( '', ( -0.00148738100000000, 0.0103078170000000, 0.00103150300000000 ) );
#2060 = CARTESIAN_POINT( '', ( -0.00148738100001000, 0.0103078170000100, 3.15030000100000E-05 ) );
#2061 = VECTOR( '', #3089, 1.00000000000000 );
#2062 = DRAUGHTING_PRE_DEFINED_CURVE_FONT( 'continuous' );
#2063 = COLOUR_RGB( '', 0.00000000000000, 0.00000000000000, 0.00000000000000 );
#2064 = CARTESIAN_POINT( '', ( -0.00548738100001000, 0.0103078170000100, 3.15030000100000E-05 ) );
#2065 = VECTOR( '', #3090, 1.00000000000000 );
#2066 = DRAUGHTING_PRE_DEFINED_CURVE_FONT( 'continuous' );
#2067 = COLOUR_RGB( '', 0.00000000000000, 0.00000000000000, 0.00000000000000 );
#2068 = CARTESIAN_POINT( '', ( 0.00731261900000000, 0.00675781700000000, 0.00103150300000000 ) );
#2069 = CARTESIAN_POINT( '', ( 0.00731261900001000, 0.0182578170000100, 0.00103150300001000 ) );
#2070 = VECTOR( '', #3091, 1.00000000000000 );
#2071 = DRAUGHTING_PRE_DEFINED_CURVE_FONT( 'continuous' );
#2072 = COLOUR_RGB( '', 0.00000000000000, 0.00000000000000, 0.00000000000000 );
#2073 = CARTESIAN_POINT( '', ( -0.00448738100001000, 0.0153078170000100, -0.00346849700001000 ) );
#2074 = VECTOR( '', #3092, 1.00000000000000 );
#2075 = SURFACE_SIDE_STYLE( '', ( #3093 ) );
#2076 = EDGE_LOOP( '', ( #3094, #3095, #3096, #3097 ) );
#2077 = AXIS2_PLACEMENT_3D( '', #3098, #3099, #3100 );
#2078 = DRAUGHTING_PRE_DEFINED_CURVE_FONT( 'continuous' );
#2079 = COLOUR_RGB( '', 0.00000000000000, 0.00000000000000, 0.00000000000000 );
#2080 = CARTESIAN_POINT( '', ( 0.000512619000000000, 0.0103078170000000, 3.15030000000000E-05 ) );
#2081 = CARTESIAN_POINT( '', ( 0.000512619000010000, 0.0103078170000100, 3.15030000100000E-05 ) );
#2082 = VECTOR( '', #3101, 1.00000000000000 );
#2083 = DRAUGHTING_PRE_DEFINED_CURVE_FONT( 'continuous' );
#2084 = COLOUR_RGB( '', 0.00000000000000, 0.00000000000000, 0.00000000000000 );
#2085 = CARTESIAN_POINT( '', ( 0.00351261900000000, 0.0158078170000000, 0.00103150300000000 ) );
#2086 = CARTESIAN_POINT( '', ( 0.00351261900001000, 0.0158078170000100, 3.15030000100000E-05 ) );
#2087 = VECTOR( '', #3102, 1.00000000000000 );
#2088 = DRAUGHTING_PRE_DEFINED_CURVE_FONT( 'continuous' );
#2089 = COLOUR_RGB( '', 0.00000000000000, 0.00000000000000, 0.00000000000000 );
#2090 = CARTESIAN_POINT( '', ( -0.00548738100001000, 0.0153078170000100, 3.15030000100000E-05 ) );
#2091 = VECTOR( '', #3103, 1.00000000000000 );
#2092 = DRAUGHTING_PRE_DEFINED_CURVE_FONT( 'continuous' );
#2093 = COLOUR_RGB( '', 0.00000000000000, 0.00000000000000, 0.00000000000000 );
#2094 = CARTESIAN_POINT( '', ( 0.00297065889156000, 0.0125078170000100, 0.0130315030000100 ) );
#2095 = VECTOR( '', #3104, 1.00000000000000 );
#2096 = SURFACE_SIDE_STYLE( '', ( #3105 ) );
#2097 = EDGE_LOOP( '', ( #3106, #3107, #3108, #3109 ) );
#2098 = AXIS2_PLACEMENT_3D( '', #3110, #3111, #3112 );
#2099 = DRAUGHTING_PRE_DEFINED_CURVE_FONT( 'continuous' );
#2100 = COLOUR_RGB( '', 0.00000000000000, 0.00000000000000, 0.00000000000000 );
#2101 = CARTESIAN_POINT( '', ( 0.00451261900000000, 0.0108078170000000, -0.00346849700000000 ) );
#2102 = AXIS2_PLACEMENT_3D( '', #3113, #3114, #3115 );
#2103 = DRAUGHTING_PRE_DEFINED_CURVE_FONT( 'continuous' );
#2104 = COLOUR_RGB( '', 0.00000000000000, 0.00000000000000, 0.00000000000000 );
#2105 = CARTESIAN_POINT( '', ( -0.00648738100001000, 0.0108078170000100, 3.15030000100000E-05 ) );
#2106 = VECTOR( '', #3116, 1.00000000000000 );
#2107 = SURFACE_SIDE_STYLE( '', ( #3117 ) );
#2108 = EDGE_LOOP( '', ( #3118, #3119, #3120, #3121 ) );
#2109 = AXIS2_PLACEMENT_3D( '', #3122, #3123, #3124 );
#2110 = DRAUGHTING_PRE_DEFINED_CURVE_FONT( 'continuous' );
#2111 = COLOUR_RGB( '', 0.00000000000000, 0.00000000000000, 0.00000000000000 );
#2112 = CARTESIAN_POINT( '', ( 0.00651261900000000, 0.0103078170000000, 3.15030000000000E-05 ) );
#2113 = CARTESIAN_POINT( '', ( 0.00651261900001000, 0.0103078170000100, 3.15030000100000E-05 ) );
#2114 = VECTOR( '', #3125, 1.00000000000000 );
#2115 = DRAUGHTING_PRE_DEFINED_CURVE_FONT( 'continuous' );
#2116 = COLOUR_RGB( '', 0.00000000000000, 0.00000000000000, 0.00000000000000 );
#2117 = CARTESIAN_POINT( '', ( 0.00651261900000000, 0.0153078170000000, 3.15030000000000E-05 ) );
#2118 = CARTESIAN_POINT( '', ( 0.00651261900001000, 0.0158078170000100, 3.15030000100000E-05 ) );
#2119 = VECTOR( '', #3126, 1.00000000000000 );
#2120 = DRAUGHTING_PRE_DEFINED_CURVE_FONT( 'continuous' );
#2121 = COLOUR_RGB( '', 0.00000000000000, 0.00000000000000, 0.00000000000000 );
#2122 = CARTESIAN_POINT( '', ( -0.000487381000010000, 0.0153078170000100, -0.00346849700001000 ) );
#2123 = VECTOR( '', #3127, 1.00000000000000 );
#2124 = DRAUGHTING_PRE_DEFINED_CURVE_FONT( 'continuous' );
#2125 = COLOUR_RGB( '', 0.00000000000000, 0.00000000000000, 0.00000000000000 );
#2126 = CARTESIAN_POINT( '', ( -0.00148738100000000, 0.0153078170000000, 3.15030000000000E-05 ) );
#2127 = CARTESIAN_POINT( '', ( -0.000487381000010000, 0.0153078170000100, 3.15030000100000E-05 ) );
#2128 = VECTOR( '', #3128, 1.00000000000000 );
#2129 = DRAUGHTING_PRE_DEFINED_CURVE_FONT( 'continuous' );
#2130 = COLOUR_RGB( '', 0.00000000000000, 0.00000000000000, 0.00000000000000 );
#2131 = CARTESIAN_POINT( '', ( -0.00728738100000000, 0.0182578170000000, 0.00817719478858500 ) );
#2132 = CARTESIAN_POINT( '', ( -0.00728738100000000, 0.00675781700000000, 0.00817719478858500 ) );
#2133 = CARTESIAN_POINT( '', ( -0.00728738100001000, 0.0182578170000100, 0.00817719478859500 ) );
#2134 = VECTOR( '', #3129, 1.00000000000000 );
#2135 = DRAUGHTING_PRE_DEFINED_CURVE_FONT( 'continuous' );
#2136 = COLOUR_RGB( '', 0.00000000000000, 0.00000000000000, 0.00000000000000 );
#2137 = CARTESIAN_POINT( '', ( -0.00243687074278300, -0.00424218300000000, 0.0120315030000000 ) );
#2138 = CARTESIAN_POINT( '', ( 1.26190000100000E-05, -0.00424218300001000, 0.0120315030000100 ) );
#2139 = VECTOR( '', #3130, 1.00000000000000 );
#2140 = DRAUGHTING_PRE_DEFINED_CURVE_FONT( 'continuous' );
#2141 = COLOUR_RGB( '', 0.00000000000000, 0.00000000000000, 0.00000000000000 );
#2142 = CARTESIAN_POINT( '', ( 1.26190000000000E-05, 0.000257817000020000, 0.00903150300000000 ) );
#2143 = AXIS2_PLACEMENT_3D( '', #3131, #3132, #3133 );
#2144 = DRAUGHTING_PRE_DEFINED_CURVE_FONT( 'continuous' );
#2145 = COLOUR_RGB( '', 0.00000000000000, 0.00000000000000, 0.00000000000000 );
#2146 = CARTESIAN_POINT( '', ( -0.00243687074279300, -0.0182421830000100, 0.0130315030000100 ) );
#2147 = CARTESIAN_POINT( '', ( -0.00260667575831800, -0.0180758087424800, 0.0130315030000100 ) );
#2148 = CARTESIAN_POINT( '', ( -0.00277614367793300, -0.0179090925835500, 0.0130315030000100 ) );
#2149 = CARTESIAN_POINT( '', ( -0.00294542089156000, -0.0177421830000100, 0.0130315030000100 ) );
#2150 = DRAUGHTING_PRE_DEFINED_CURVE_FONT( 'continuous' );
#2151 = COLOUR_RGB( '', 0.00000000000000, 0.00000000000000, 0.00000000000000 );
#2152 = CARTESIAN_POINT( '', ( 0.00451261900001000, 0.0153078170000100, 3.15030000100000E-05 ) );
#2153 = VECTOR( '', #3134, 1.00000000000000 );
#2154 = SURFACE_SIDE_STYLE( '', ( #3135 ) );
#2155 = EDGE_LOOP( '', ( #3136, #3137, #3138, #3139 ) );
#2156 = AXIS2_PLACEMENT_3D( '', #3140, #3141, #3142 );
#2157 = DRAUGHTING_PRE_DEFINED_CURVE_FONT( 'continuous' );
#2158 = COLOUR_RGB( '', 0.00000000000000, 0.00000000000000, 0.00000000000000 );
#2159 = CARTESIAN_POINT( '', ( -0.00294542089156000, 0.0125078170000100, 0.0130315030000100 ) );
#2160 = VECTOR( '', #3143, 1.00000000000000 );
#2161 = DRAUGHTING_PRE_DEFINED_CURVE_FONT( 'continuous' );
#2162 = COLOUR_RGB( '', 0.00000000000000, 0.00000000000000, 0.00000000000000 );
#2163 = CARTESIAN_POINT( '', ( 0.00731261900000000, 0.00675781700000000, 0.00817719478858500 ) );
#2164 = CARTESIAN_POINT( '', ( 0.00731261900001000, 0.00675781700001000, 0.00817719478859500 ) );
#2165 = VECTOR( '', #3144, 1.00000000000000 );
#2166 = DRAUGHTING_PRE_DEFINED_CURVE_FONT( 'continuous' );
#2167 = COLOUR_RGB( '', 0.00000000000000, 0.00000000000000, 0.00000000000000 );
#2168 = CARTESIAN_POINT( '', ( 0.00731261900001000, 0.0182578170000100, 0.00817719478859500 ) );
#2169 = VECTOR( '', #3145, 1.00000000000000 );
#2170 = DRAUGHTING_PRE_DEFINED_CURVE_FONT( 'continuous' );
#2171 = COLOUR_RGB( '', 0.00000000000000, 0.00000000000000, 0.00000000000000 );
#2172 = CARTESIAN_POINT( '', ( 1.26190000000000E-05, 0.000257817000020000, 0.0100315030000000 ) );
#2173 = AXIS2_PLACEMENT_3D( '', #3146, #3147, #3148 );
#2174 = DRAUGHTING_PRE_DEFINED_CURVE_FONT( 'continuous' );
#2175 = COLOUR_RGB( '', 0.00000000000000, 0.00000000000000, 0.00000000000000 );
#2176 = CARTESIAN_POINT( '', ( -0.00448738100000000, 0.0103078170000000, -0.00346849700000000 ) );
#2177 = AXIS2_PLACEMENT_3D( '', #3149, #3150, #3151 );
#2178 = DRAUGHTING_PRE_DEFINED_CURVE_FONT( 'continuous' );
#2179 = COLOUR_RGB( '', 0.00000000000000, 0.00000000000000, 0.00000000000000 );
#2180 = CARTESIAN_POINT( '', ( -0.00448738100001000, 0.0103078170000100, -0.00346849700001000 ) );
#2181 = VECTOR( '', #3152, 1.00000000000000 );
#2182 = DRAUGHTING_PRE_DEFINED_CURVE_FONT( 'continuous' );
#2183 = COLOUR_RGB( '', 0.00000000000000, 0.00000000000000, 0.00000000000000 );
#2184 = CARTESIAN_POINT( '', ( 0.00151261900000000, 0.0153078170000000, 3.15030000000000E-05 ) );
#2185 = CARTESIAN_POINT( '', ( 0.00151261900001000, 0.0153078170000100, 3.15030000100000E-05 ) );
#2186 = VECTOR( '', #3153, 1.00000000000000 );
#2187 = DRAUGHTING_PRE_DEFINED_CURVE_FONT( 'continuous' );
#2188 = COLOUR_RGB( '', 0.00000000000000, 0.00000000000000, 0.00000000000000 );
#2189 = CARTESIAN_POINT( '', ( -0.00148738100001000, 0.0108078170000100, 0.00103150300001000 ) );
#2190 = VECTOR( '', #3154, 1.00000000000000 );
#2191 = DRAUGHTING_PRE_DEFINED_CURVE_FONT( 'continuous' );
#2192 = COLOUR_RGB( '', 0.00000000000000, 0.00000000000000, 0.00000000000000 );
#2193 = CARTESIAN_POINT( '', ( -0.00294542089156000, 0.0125078170000100, 0.0120315030000100 ) );
#2194 = VECTOR( '', #3155, 1.00000000000000 );
#2195 = DRAUGHTING_PRE_DEFINED_CURVE_FONT( 'continuous' );
#2196 = COLOUR_RGB( '', 0.00000000000000, 0.00000000000000, 0.00000000000000 );
#2197 = CARTESIAN_POINT( '', ( -0.00148738100000000, 0.0108078170000000, 3.15030000000000E-05 ) );
#2198 = CARTESIAN_POINT( '', ( -0.00148738100001000, 0.0108078170000100, 3.15030000100000E-05 ) );
#2199 = VECTOR( '', #3156, 1.00000000000000 );
#2200 = DRAUGHTING_PRE_DEFINED_CURVE_FONT( 'continuous' );
#2201 = COLOUR_RGB( '', 0.00000000000000, 0.00000000000000, 0.00000000000000 );
#2202 = CARTESIAN_POINT( '', ( -0.00648738100001000, 0.0158078170000100, 0.00103150300001000 ) );
#2203 = VECTOR( '', #3157, 1.00000000000000 );
#2204 = SURFACE_SIDE_STYLE( '', ( #3158 ) );
#2205 = EDGE_LOOP( '', ( #3159, #3160, #3161, #3162 ) );
#2206 = AXIS2_PLACEMENT_3D( '', #3163, #3164, #3165 );
#2207 = DRAUGHTING_PRE_DEFINED_CURVE_FONT( 'continuous' );
#2208 = COLOUR_RGB( '', 0.00000000000000, 0.00000000000000, 0.00000000000000 );
#2209 = CARTESIAN_POINT( '', ( 0.00551261900000000, 0.0158078170000000, -0.00346849700000000 ) );
#2210 = AXIS2_PLACEMENT_3D( '', #3166, #3167, #3168 );
#2211 = SURFACE_SIDE_STYLE( '', ( #3169 ) );
#2212 = EDGE_LOOP( '', ( #3170, #3171, #3172, #3173 ) );
#2213 = AXIS2_PLACEMENT_3D( '', #3174, #3175, #3176 );
#2214 = DRAUGHTING_PRE_DEFINED_CURVE_FONT( 'continuous' );
#2215 = COLOUR_RGB( '', 0.00000000000000, 0.00000000000000, 0.00000000000000 );
#2216 = CARTESIAN_POINT( '', ( 1.26190000100000E-05, -0.00424218300001000, 0.0120315030000100 ) );
#2217 = VECTOR( '', #3177, 1.00000000000000 );
#2218 = SURFACE_SIDE_STYLE( '', ( #3178 ) );
#2219 = EDGE_LOOP( '', ( #3179 ) );
#2220 = EDGE_LOOP( '', ( #3180 ) );
#2221 = AXIS2_PLACEMENT_3D( '', #3181, #3182, #3183 );
#2222 = SURFACE_SIDE_STYLE( '', ( #3184 ) );
#2223 = EDGE_LOOP( '', ( #3185, #3186, #3187, #3188 ) );
#2224 = AXIS2_PLACEMENT_3D( '', #3189, #3190, #3191 );
#2225 = SURFACE_SIDE_STYLE( '', ( #3192 ) );
#2226 = EDGE_LOOP( '', ( #3193, #3194, #3195, #3196 ) );
#2227 = AXIS2_PLACEMENT_3D( '', #3197, #3198, #3199 );
#2228 = SURFACE_SIDE_STYLE( '', ( #3200 ) );
#2229 = EDGE_LOOP( '', ( #3201, #3202, #3203, #3204 ) );
#2230 = AXIS2_PLACEMENT_3D( '', #3205, #3206, #3207 );
#2231 = SURFACE_SIDE_STYLE( '', ( #3208 ) );
#2232 = EDGE_LOOP( '', ( #3209, #3210, #3211, #3212, #3213, #3214, #3215, #3216 ) );
#2233 = AXIS2_PLACEMENT_3D( '', #3217, #3218, #3219 );
#2234 = DRAUGHTING_PRE_DEFINED_CURVE_FONT( 'continuous' );
#2235 = COLOUR_RGB( '', 0.00000000000000, 0.00000000000000, 0.00000000000000 );
#2236 = CARTESIAN_POINT( '', ( -0.00728738100000000, 0.00675781700000000, 0.00103150300000000 ) );
#2237 = CARTESIAN_POINT( '', ( 0.00731261900001000, 0.00675781700001000, 0.00103150300001000 ) );
#2238 = VECTOR( '', #3220, 1.00000000000000 );
#2239 = DRAUGHTING_PRE_DEFINED_CURVE_FONT( 'continuous' );
#2240 = COLOUR_RGB( '', 0.00000000000000, 0.00000000000000, 0.00000000000000 );
#2241 = CARTESIAN_POINT( '', ( 0.00351261900001000, 0.0108078170000100, 3.15030000100000E-05 ) );
#2242 = VECTOR( '', #3221, 1.00000000000000 );
#2243 = SURFACE_SIDE_STYLE( '', ( #3222 ) );
#2244 = EDGE_LOOP( '', ( #3223, #3224, #3225, #3226 ) );
#2245 = AXIS2_PLACEMENT_3D( '', #3227, #3228, #3229 );
#2246 = DRAUGHTING_PRE_DEFINED_CURVE_FONT( 'continuous' );
#2247 = COLOUR_RGB( '', 0.00000000000000, 0.00000000000000, 0.00000000000000 );
#2248 = CARTESIAN_POINT( '', ( 0.000512619000010000, 0.0103078170000100, -0.00346849700001000 ) );
#2249 = VECTOR( '', #3230, 1.00000000000000 );
#2250 = DRAUGHTING_PRE_DEFINED_CURVE_FONT( 'continuous' );
#2251 = COLOUR_RGB( '', 0.00000000000000, 0.00000000000000, 0.00000000000000 );
#2252 = CARTESIAN_POINT( '', ( -0.000487381000010000, 0.0108078170000100, -0.00346849700001000 ) );
#2253 = VECTOR( '', #3231, 1.00000000000000 );
#2254 = DRAUGHTING_PRE_DEFINED_CURVE_FONT( 'continuous' );
#2255 = COLOUR_RGB( '', 0.00000000000000, 0.00000000000000, 0.00000000000000 );
#2256 = CARTESIAN_POINT( '', ( 0.00151261900000000, 0.0158078170000000, 3.15030000000000E-05 ) );
#2257 = CARTESIAN_POINT( '', ( 0.00151261900001000, 0.0158078170000100, 3.15030000100000E-05 ) );
#2258 = VECTOR( '', #3232, 1.00000000000000 );
#2259 = DRAUGHTING_PRE_DEFINED_CURVE_FONT( 'continuous' );
#2260 = COLOUR_RGB( '', 0.00000000000000, 0.00000000000000, 0.00000000000000 );
#2261 = AXIS2_PLACEMENT_3D( '', #3233, #3234, #3235 );
#2262 = SURFACE_SIDE_STYLE( '', ( #3236 ) );
#2263 = EDGE_LOOP( '', ( #3237, #3238, #3239, #3240, #3241, #3242, #3243, #3244 ) );
#2264 = AXIS2_PLACEMENT_3D( '', #3245, #3246, #3247 );
#2265 = SURFACE_SIDE_STYLE( '', ( #3248 ) );
#2266 = EDGE_LOOP( '', ( #3249, #3250, #3251, #3252 ) );
#2267 = AXIS2_PLACEMENT_3D( '', #3253, #3254, #3255 );
#2268 = SURFACE_SIDE_STYLE( '', ( #3256 ) );
#2269 = EDGE_LOOP( '', ( #3257, #3258, #3259, #3260 ) );
#2270 = AXIS2_PLACEMENT_3D( '', #3261, #3262, #3263 );
#2271 = DRAUGHTING_PRE_DEFINED_CURVE_FONT( 'continuous' );
#2272 = COLOUR_RGB( '', 0.00000000000000, 0.00000000000000, 0.00000000000000 );
#2273 = CARTESIAN_POINT( '', ( 0.00351261900001000, 0.0153078170000100, 3.15030000100000E-05 ) );
#2274 = VECTOR( '', #3264, 1.00000000000000 );
#2275 = DRAUGHTING_PRE_DEFINED_CURVE_FONT( 'continuous' );
#2276 = COLOUR_RGB( '', 0.00000000000000, 0.00000000000000, 0.00000000000000 );
#2277 = CARTESIAN_POINT( '', ( 0.00451261900001000, 0.0108078170000100, 3.15030000100000E-05 ) );
#2278 = VECTOR( '', #3265, 1.00000000000000 );
#2279 = SURFACE_SIDE_STYLE( '', ( #3266 ) );
#2280 = EDGE_LOOP( '', ( #3267, #3268, #3269, #3270 ) );
#2281 = AXIS2_PLACEMENT_3D( '', #3271, #3272, #3273 );
#2282 = SURFACE_SIDE_STYLE( '', ( #3274 ) );
#2283 = EDGE_LOOP( '', ( #3275, #3276, #3277, #3278, #3279, #3280, #3281, #3282 ) );
#2284 = AXIS2_PLACEMENT_3D( '', #3283, #3284, #3285 );
#2285 = SURFACE_SIDE_STYLE( '', ( #3286 ) );
#2286 = EDGE_LOOP( '', ( #3287, #3288, #3289, #3290 ) );
#2287 = AXIS2_PLACEMENT_3D( '', #3291, #3292, #3293 );
#2288 = DRAUGHTING_PRE_DEFINED_CURVE_FONT( 'continuous' );
#2289 = COLOUR_RGB( '', 0.00000000000000, 0.00000000000000, 0.00000000000000 );
#2290 = CARTESIAN_POINT( '', ( 0.00651261900001000, 0.0108078170000100, 0.00103150300001000 ) );
#2291 = VECTOR( '', #3294, 1.00000000000000 );
#2292 = DRAUGHTING_PRE_DEFINED_CURVE_FONT( 'continuous' );
#2293 = COLOUR_RGB( '', 0.00000000000000, 0.00000000000000, 0.00000000000000 );
#2294 = CARTESIAN_POINT( '', ( 0.00151261900000000, 0.0108078170000000, 3.15030000000000E-05 ) );
#2295 = CARTESIAN_POINT( '', ( 0.00151261900001000, 0.0108078170000100, 3.15030000100000E-05 ) );
#2296 = VECTOR( '', #3295, 1.00000000000000 );
#2297 = DRAUGHTING_PRE_DEFINED_CURVE_FONT( 'continuous' );
#2298 = COLOUR_RGB( '', 0.00000000000000, 0.00000000000000, 0.00000000000000 );
#2299 = CARTESIAN_POINT( '', ( 0.00551261900000000, 0.0103078170000000, -0.00346849700000000 ) );
#2300 = CARTESIAN_POINT( '', ( 0.00451261900000000, 0.0103078170000000, -0.00346849700000000 ) );
#2301 = AXIS2_PLACEMENT_3D( '', #3296, #3297, #3298 );
#2302 = DRAUGHTING_PRE_DEFINED_CURVE_FONT( 'continuous' );
#2303 = COLOUR_RGB( '', 0.00000000000000, 0.00000000000000, 0.00000000000000 );
#2304 = CARTESIAN_POINT( '', ( 0.000512619000010000, 0.0153078170000100, -0.00346849700001000 ) );
#2305 = VECTOR( '', #3299, 1.00000000000000 );
#2306 = DRAUGHTING_PRE_DEFINED_CURVE_FONT( 'continuous' );
#2307 = COLOUR_RGB( '', 0.00000000000000, 0.00000000000000, 0.00000000000000 );
#2308 = CARTESIAN_POINT( '', ( 0.00551261900001000, 0.0158078170000100, -0.00346849700001000 ) );
#2309 = VECTOR( '', #3300, 1.00000000000000 );
#2310 = DRAUGHTING_PRE_DEFINED_CURVE_FONT( 'continuous' );
#2311 = COLOUR_RGB( '', 0.00000000000000, 0.00000000000000, 0.00000000000000 );
#2312 = CARTESIAN_POINT( '', ( 0.000512619000000000, 0.0108078170000000, 3.15030000000000E-05 ) );
#2313 = CARTESIAN_POINT( '', ( 0.000512619000010000, 0.0108078170000100, -0.00346849700001000 ) );
#2314 = VECTOR( '', #3301, 1.00000000000000 );
#2315 = DRAUGHTING_PRE_DEFINED_CURVE_FONT( 'continuous' );
#2316 = COLOUR_RGB( '', 0.00000000000000, 0.00000000000000, 0.00000000000000 );
#2317 = CARTESIAN_POINT( '', ( 0.00351261900001000, 0.0158078170000100, 0.00103150300001000 ) );
#2318 = VECTOR( '', #3302, 1.00000000000000 );
#2319 = SURFACE_SIDE_STYLE( '', ( #3303 ) );
#2320 = EDGE_LOOP( '', ( #3304, #3305, #3306, #3307 ) );
#2321 = AXIS2_PLACEMENT_3D( '', #3308, #3309, #3310 );
#2322 = DRAUGHTING_PRE_DEFINED_CURVE_FONT( 'continuous' );
#2323 = COLOUR_RGB( '', 0.00000000000000, 0.00000000000000, 0.00000000000000 );
#2324 = CARTESIAN_POINT( '', ( 0.00246210874279300, -0.0182421830000100, 0.0120315030000100 ) );
#2325 = CARTESIAN_POINT( '', ( 0.00263191375831800, -0.0180758087424800, 0.0120315030000100 ) );
#2326 = CARTESIAN_POINT( '', ( 0.00280138167793300, -0.0179090925835500, 0.0120315030000100 ) );
#2327 = CARTESIAN_POINT( '', ( 0.00297065889156000, -0.0177421830000100, 0.0120315030000100 ) );
#2328 = DRAUGHTING_PRE_DEFINED_CURVE_FONT( 'continuous' );
#2329 = COLOUR_RGB( '', 0.00000000000000, 0.00000000000000, 0.00000000000000 );
#2330 = CARTESIAN_POINT( '', ( -0.00648738100001000, 0.0108078170000100, 0.00103150300001000 ) );
#2331 = VECTOR( '', #3311, 1.00000000000000 );
#2332 = DRAUGHTING_PRE_DEFINED_CURVE_FONT( 'continuous' );
#2333 = COLOUR_RGB( '', 0.00000000000000, 0.00000000000000, 0.00000000000000 );
#2334 = CARTESIAN_POINT( '', ( -0.000487381000010000, 0.0158078170000100, -0.00346849700001000 ) );
#2335 = VECTOR( '', #3312, 1.00000000000000 );
#2336 = DRAUGHTING_PRE_DEFINED_CURVE_FONT( 'continuous' );
#2337 = COLOUR_RGB( '', 0.00000000000000, 0.00000000000000, 0.00000000000000 );
#2338 = CARTESIAN_POINT( '', ( 0.00851261900001000, -0.00199218300001000, 0.0120315030000100 ) );
#2339 = VECTOR( '', #3313, 1.00000000000000 );
#2340 = DRAUGHTING_PRE_DEFINED_CURVE_FONT( 'continuous' );
#2341 = COLOUR_RGB( '', 0.00000000000000, 0.00000000000000, 0.00000000000000 );
#2342 = CARTESIAN_POINT( '', ( -0.00548738100001000, 0.0158078170000100, -0.00346849700001000 ) );
#2343 = VECTOR( '', #3314, 1.00000000000000 );
#2344 = SURFACE_SIDE_STYLE( '', ( #3315 ) );
#2345 = EDGE_LOOP( '', ( #3316, #3317, #3318, #3319, #3320, #3321, #3322, #3323 ) );
#2346 = AXIS2_PLACEMENT_3D( '', #3324, #3325, #3326 );
#2347 = DRAUGHTING_PRE_DEFINED_CURVE_FONT( 'continuous' );
#2348 = COLOUR_RGB( '', 0.00000000000000, 0.00000000000000, 0.00000000000000 );
#2349 = CARTESIAN_POINT( '', ( -0.00148738100001000, 0.0158078170000100, 0.00103150300001000 ) );
#2350 = VECTOR( '', #3327, 1.00000000000000 );
#2351 = DRAUGHTING_PRE_DEFINED_CURVE_FONT( 'continuous' );
#2352 = COLOUR_RGB( '', 0.00000000000000, 0.00000000000000, 0.00000000000000 );
#2353 = AXIS2_PLACEMENT_3D( '', #3328, #3329, #3330 );
#2354 = SURFACE_SIDE_STYLE( '', ( #3331 ) );
#2355 = EDGE_LOOP( '', ( #3332, #3333, #3334, #3335 ) );
#2356 = AXIS2_PLACEMENT_3D( '', #3336, #3337, #3338 );
#2357 = DRAUGHTING_PRE_DEFINED_CURVE_FONT( 'continuous' );
#2358 = COLOUR_RGB( '', 0.00000000000000, 0.00000000000000, 0.00000000000000 );
#2359 = CARTESIAN_POINT( '', ( 0.00151261900001000, 0.0108078170000100, 0.00103150300001000 ) );
#2360 = VECTOR( '', #3339, 1.00000000000000 );
#2361 = SURFACE_SIDE_STYLE( '', ( #3340 ) );
#2362 = EDGE_LOOP( '', ( #3341, #3342, #3343, #3344 ) );
#2363 = AXIS2_PLACEMENT_3D( '', #3345, #3346, #3347 );
#2364 = SURFACE_SIDE_STYLE( '', ( #3348 ) );
#2365 = EDGE_LOOP( '', ( #3349, #3350, #3351, #3352 ) );
#2366 = AXIS2_PLACEMENT_3D( '', #3353, #3354, #3355 );
#2367 = DRAUGHTING_PRE_DEFINED_CURVE_FONT( 'continuous' );
#2368 = COLOUR_RGB( '', 0.00000000000000, 0.00000000000000, 0.00000000000000 );
#2369 = CARTESIAN_POINT( '', ( 0.000512619000010000, 0.0158078170000100, -0.00346849700001000 ) );
#2370 = VECTOR( '', #3356, 1.00000000000000 );
#2371 = DRAUGHTING_PRE_DEFINED_CURVE_FONT( 'continuous' );
#2372 = COLOUR_RGB( '', 0.00000000000000, 0.00000000000000, 0.00000000000000 );
#2373 = CARTESIAN_POINT( '', ( -0.00148738100001000, 0.0103078170000100, 0.00103150300001000 ) );
#2374 = VECTOR( '', #3357, 1.00000000000000 );
#2375 = DRAUGHTING_PRE_DEFINED_CURVE_FONT( 'continuous' );
#2376 = COLOUR_RGB( '', 0.00000000000000, 0.00000000000000, 0.00000000000000 );
#2377 = CARTESIAN_POINT( '', ( 0.00551261900000000, 0.0103078170000000, 3.15030000000000E-05 ) );
#2378 = CARTESIAN_POINT( '', ( 0.00551261900001000, 0.0103078170000100, 3.15030000100000E-05 ) );
#2379 = VECTOR( '', #3358, 1.00000000000000 );
#2380 = DRAUGHTING_PRE_DEFINED_CURVE_FONT( 'continuous' );
#2381 = COLOUR_RGB( '', 0.00000000000000, 0.00000000000000, 0.00000000000000 );
#2382 = CARTESIAN_POINT( '', ( -0.00728738100001000, 0.0182578170000100, 0.00103150300001000 ) );
#2383 = VECTOR( '', #3359, 1.00000000000000 );
#2384 = DRAUGHTING_PRE_DEFINED_CURVE_FONT( 'continuous' );
#2385 = COLOUR_RGB( '', 0.00000000000000, 0.00000000000000, 0.00000000000000 );
#2386 = CARTESIAN_POINT( '', ( 0.00151261900001000, 0.0108078170000100, 3.15030000100000E-05 ) );
#2387 = VECTOR( '', #3360, 1.00000000000000 );
#2388 = DRAUGHTING_PRE_DEFINED_CURVE_FONT( 'continuous' );
#2389 = COLOUR_RGB( '', 0.00000000000000, 0.00000000000000, 0.00000000000000 );
#2390 = CARTESIAN_POINT( '', ( 0.000512619000010000, 0.0108078170000100, 3.15030000100000E-05 ) );
#2391 = VECTOR( '', #3361, 1.00000000000000 );
#2392 = SURFACE_SIDE_STYLE( '', ( #3362 ) );
#2393 = EDGE_LOOP( '', ( #3363, #3364, #3365, #3366, #3367, #3368, #3369, #3370 ) );
#2394 = AXIS2_PLACEMENT_3D( '', #3371, #3372, #3373 );
#2395 = DRAUGHTING_PRE_DEFINED_CURVE_FONT( 'continuous' );
#2396 = COLOUR_RGB( '', 0.00000000000000, 0.00000000000000, 0.00000000000000 );
#2397 = CARTESIAN_POINT( '', ( -0.00148738100001000, 0.0108078170000100, 3.15030000100000E-05 ) );
#2398 = VECTOR( '', #3374, 1.00000000000000 );
#2399 = DRAUGHTING_PRE_DEFINED_CURVE_FONT( 'continuous' );
#2400 = COLOUR_RGB( '', 0.00000000000000, 0.00000000000000, 0.00000000000000 );
#2401 = CARTESIAN_POINT( '', ( 0.00246210874278300, -0.00199218300000000, 0.0130315030000000 ) );
#2402 = AXIS2_PLACEMENT_3D( '', #3375, #3376, #3377 );
#2403 = DRAUGHTING_PRE_DEFINED_CURVE_FONT( 'continuous' );
#2404 = COLOUR_RGB( '', 0.00000000000000, 0.00000000000000, 0.00000000000000 );
#2405 = CARTESIAN_POINT( '', ( -0.00448738100001000, 0.0108078170000100, 3.15030000100000E-05 ) );
#2406 = VECTOR( '', #3378, 1.00000000000000 );
#2407 = SURFACE_SIDE_STYLE( '', ( #3379 ) );
#2408 = EDGE_LOOP( '', ( #3380, #3381, #3382, #3383 ) );
#2409 = AXIS2_PLACEMENT_3D( '', #3384, #3385, #3386 );
#2410 = SURFACE_SIDE_STYLE( '', ( #3387 ) );
#2411 = EDGE_LOOP( '', ( #3388 ) );
#2412 = EDGE_LOOP( '', ( #3389, #3390, #3391, #3392 ) );
#2413 = AXIS2_PLACEMENT_3D( '', #3393, #3394, #3395 );
#2414 = DRAUGHTING_PRE_DEFINED_CURVE_FONT( 'continuous' );
#2415 = COLOUR_RGB( '', 0.00000000000000, 0.00000000000000, 0.00000000000000 );
#2416 = CARTESIAN_POINT( '', ( 0.00246210874279300, 0.0125078170000100, 0.0130315030000100 ) );
#2417 = VECTOR( '', #3396, 1.00000000000000 );
#2418 = DRAUGHTING_PRE_DEFINED_CURVE_FONT( 'continuous' );
#2419 = COLOUR_RGB( '', 0.00000000000000, 0.00000000000000, 0.00000000000000 );
#2420 = CARTESIAN_POINT( '', ( 0.00151261900000000, 0.0158078170000000, 0.00103150300000000 ) );
#2421 = CARTESIAN_POINT( '', ( -0.00148738100001000, 0.0158078170000100, 0.00103150300001000 ) );
#2422 = VECTOR( '', #3397, 1.00000000000000 );
#2423 = DRAUGHTING_PRE_DEFINED_CURVE_FONT( 'continuous' );
#2424 = COLOUR_RGB( '', 0.00000000000000, 0.00000000000000, 0.00000000000000 );
#2425 = CARTESIAN_POINT( '', ( 0.000512619000010000, 0.0158078170000100, 3.15030000100000E-05 ) );
#2426 = VECTOR( '', #3398, 1.00000000000000 );
#2427 = DRAUGHTING_PRE_DEFINED_CURVE_FONT( 'continuous' );
#2428 = COLOUR_RGB( '', 0.00000000000000, 0.00000000000000, 0.00000000000000 );
#2429 = CARTESIAN_POINT( '', ( -0.00648738100001000, 0.0153078170000100, 0.00103150300001000 ) );
#2430 = VECTOR( '', #3399, 1.00000000000000 );
#2431 = DRAUGHTING_PRE_DEFINED_CURVE_FONT( 'continuous' );
#2432 = COLOUR_RGB( '', 0.00000000000000, 0.00000000000000, 0.00000000000000 );
#2433 = AXIS2_PLACEMENT_3D( '', #3400, #3401, #3402 );
#2434 = DRAUGHTING_PRE_DEFINED_CURVE_FONT( 'continuous' );
#2435 = COLOUR_RGB( '', 0.00000000000000, 0.00000000000000, 0.00000000000000 );
#2436 = AXIS2_PLACEMENT_3D( '', #3403, #3404, #3405 );
#2437 = DRAUGHTING_PRE_DEFINED_CURVE_FONT( 'continuous' );
#2438 = COLOUR_RGB( '', 0.00000000000000, 0.00000000000000, 0.00000000000000 );
#2439 = CARTESIAN_POINT( '', ( 0.00851261900001000, -0.00199218300001000, 0.0130315030000100 ) );
#2440 = VECTOR( '', #3406, 1.00000000000000 );
#2441 = DRAUGHTING_PRE_DEFINED_CURVE_FONT( 'continuous' );
#2442 = COLOUR_RGB( '', 0.00000000000000, 0.00000000000000, 0.00000000000000 );
#2443 = CARTESIAN_POINT( '', ( -0.00548738100001000, 0.0158078170000100, 3.15030000100000E-05 ) );
#2444 = VECTOR( '', #3407, 1.00000000000000 );
#2445 = DRAUGHTING_PRE_DEFINED_CURVE_FONT( 'continuous' );
#2446 = COLOUR_RGB( '', 0.00000000000000, 0.00000000000000, 0.00000000000000 );
#2447 = CARTESIAN_POINT( '', ( 0.00297065889156000, -0.0177421830000100, 0.0130315030000100 ) );
#2448 = CARTESIAN_POINT( '', ( 0.00280138135368600, -0.0179090929032600, 0.0130315030000100 ) );
#2449 = CARTESIAN_POINT( '', ( 0.00263191336679400, -0.0180758091261000, 0.0130315030000100 ) );
#2450 = CARTESIAN_POINT( '', ( 0.00246210874279300, -0.0182421830000100, 0.0130315030000100 ) );
#2451 = DRAUGHTING_PRE_DEFINED_CURVE_FONT( 'continuous' );
#2452 = COLOUR_RGB( '', 0.00000000000000, 0.00000000000000, 0.00000000000000 );
#2453 = CARTESIAN_POINT( '', ( 0.00551261900001000, 0.0108078170000100, -0.00346849700001000 ) );
#2454 = VECTOR( '', #3408, 1.00000000000000 );
#2455 = DRAUGHTING_PRE_DEFINED_CURVE_FONT( 'continuous' );
#2456 = COLOUR_RGB( '', 0.00000000000000, 0.00000000000000, 0.00000000000000 );
#2457 = CARTESIAN_POINT( '', ( -0.00548738100001000, 0.0108078170000100, -0.00346849700001000 ) );
#2458 = VECTOR( '', #3409, 1.00000000000000 );
#2459 = DRAUGHTING_PRE_DEFINED_CURVE_FONT( 'continuous' );
#2460 = COLOUR_RGB( '', 0.00000000000000, 0.00000000000000, 0.00000000000000 );
#2461 = CARTESIAN_POINT( '', ( 0.00651261900001000, 0.0153078170000100, 3.15030000100000E-05 ) );
#2462 = VECTOR( '', #3410, 1.00000000000000 );
#2463 = DRAUGHTING_PRE_DEFINED_CURVE_FONT( 'continuous' );
#2464 = COLOUR_RGB( '', 0.00000000000000, 0.00000000000000, 0.00000000000000 );
#2465 = CARTESIAN_POINT( '', ( 0.00551261900001000, 0.0108078170000100, 3.15030000100000E-05 ) );
#2466 = VECTOR( '', #3411, 1.00000000000000 );
#2467 = SURFACE_SIDE_STYLE( '', ( #3412 ) );
#2468 = EDGE_LOOP( '', ( #3413, #3414, #3415, #3416 ) );
#2469 = AXIS2_PLACEMENT_3D( '', #3417, #3418, #3419 );
#2470 = SURFACE_SIDE_STYLE( '', ( #3420 ) );
#2471 = EDGE_LOOP( '', ( #3421, #3422, #3423, #3424 ) );
#2472 = AXIS2_PLACEMENT_3D( '', #3425, #3426, #3427 );
#2473 = DRAUGHTING_PRE_DEFINED_CURVE_FONT( 'continuous' );
#2474 = COLOUR_RGB( '', 0.00000000000000, 0.00000000000000, 0.00000000000000 );
#2475 = CARTESIAN_POINT( '', ( 0.00151261900001000, 0.0158078170000100, 3.15030000100000E-05 ) );
#2476 = VECTOR( '', #3428, 1.00000000000000 );
#2477 = DRAUGHTING_PRE_DEFINED_CURVE_FONT( 'continuous' );
#2478 = COLOUR_RGB( '', 0.00000000000000, 0.00000000000000, 0.00000000000000 );
#2479 = CARTESIAN_POINT( '', ( -0.00648738100001000, 0.0158078170000100, 3.15030000100000E-05 ) );
#2480 = VECTOR( '', #3429, 1.00000000000000 );
#2481 = SURFACE_SIDE_STYLE( '', ( #3430 ) );
#2482 = EDGE_LOOP( '', ( #3431, #3432, #3433, #3434 ) );
#2483 = AXIS2_PLACEMENT_3D( '', #3435, #3436, #3437 );
#2484 = DRAUGHTING_PRE_DEFINED_CURVE_FONT( 'continuous' );
#2485 = COLOUR_RGB( '', 0.00000000000000, 0.00000000000000, 0.00000000000000 );
#2486 = CARTESIAN_POINT( '', ( 1.26190000100000E-05, -0.00424218300001000, 0.0130315030000100 ) );
#2487 = VECTOR( '', #3438, 1.00000000000000 );
#2488 = DRAUGHTING_PRE_DEFINED_CURVE_FONT( 'continuous' );
#2489 = COLOUR_RGB( '', 0.00000000000000, 0.00000000000000, 0.00000000000000 );
#2490 = CARTESIAN_POINT( '', ( -0.00448738100001000, 0.0158078170000100, -0.00346849700001000 ) );
#2491 = VECTOR( '', #3439, 1.00000000000000 );
#2492 = DRAUGHTING_PRE_DEFINED_CURVE_FONT( 'continuous' );
#2493 = COLOUR_RGB( '', 0.00000000000000, 0.00000000000000, 0.00000000000000 );
#2494 = CARTESIAN_POINT( '', ( -0.00728738100001000, 0.0182578170000100, 0.00103150300001000 ) );
#2495 = VECTOR( '', #3440, 1.00000000000000 );
#2496 = DRAUGHTING_PRE_DEFINED_CURVE_FONT( 'continuous' );
#2497 = COLOUR_RGB( '', 0.00000000000000, 0.00000000000000, 0.00000000000000 );
#2498 = CARTESIAN_POINT( '', ( 0.00551261900001000, 0.0158078170000100, -0.00346849700001000 ) );
#2499 = VECTOR( '', #3441, 1.00000000000000 );
#2500 = DRAUGHTING_PRE_DEFINED_CURVE_FONT( 'continuous' );
#2501 = COLOUR_RGB( '', 0.00000000000000, 0.00000000000000, 0.00000000000000 );
#2502 = CARTESIAN_POINT( '', ( 0.000512619000010000, 0.0108078170000100, 3.15030000100000E-05 ) );
#2503 = VECTOR( '', #3442, 1.00000000000000 );
#2504 = DRAUGHTING_PRE_DEFINED_CURVE_FONT( 'continuous' );
#2505 = COLOUR_RGB( '', 0.00000000000000, 0.00000000000000, 0.00000000000000 );
#2506 = CARTESIAN_POINT( '', ( 0.00451261900001000, 0.0158078170000100, 3.15030000100000E-05 ) );
#2507 = VECTOR( '', #3443, 1.00000000000000 );
#2508 = DRAUGHTING_PRE_DEFINED_CURVE_FONT( 'continuous' );
#2509 = COLOUR_RGB( '', 0.00000000000000, 0.00000000000000, 0.00000000000000 );
#2510 = CARTESIAN_POINT( '', ( 0.00451261900001000, 0.0108078170000100, -0.00346849700001000 ) );
#2511 = VECTOR( '', #3444, 1.00000000000000 );
#2512 = DRAUGHTING_PRE_DEFINED_CURVE_FONT( 'continuous' );
#2513 = COLOUR_RGB( '', 0.00000000000000, 0.00000000000000, 0.00000000000000 );
#2514 = CARTESIAN_POINT( '', ( 0.00351261900001000, 0.0158078170000100, 0.00103150300001000 ) );
#2515 = VECTOR( '', #3445, 1.00000000000000 );
#2516 = SURFACE_SIDE_STYLE( '', ( #3446 ) );
#2517 = EDGE_LOOP( '', ( #3447, #3448, #3449, #3450 ) );
#2518 = AXIS2_PLACEMENT_3D( '', #3451, #3452, #3453 );
#2519 = SURFACE_SIDE_STYLE( '', ( #3454 ) );
#2520 = EDGE_LOOP( '', ( #3455, #3456, #3457, #3458 ) );
#2521 = AXIS2_PLACEMENT_3D( '', #3459, #3460, #3461 );
#2522 = DRAUGHTING_PRE_DEFINED_CURVE_FONT( 'continuous' );
#2523 = COLOUR_RGB( '', 0.00000000000000, 0.00000000000000, 0.00000000000000 );
#2524 = AXIS2_PLACEMENT_3D( '', #3462, #3463, #3464 );
#2525 = SURFACE_SIDE_STYLE( '', ( #3465 ) );
#2526 = EDGE_LOOP( '', ( #3466, #3467, #3468, #3469 ) );
#2527 = AXIS2_PLACEMENT_3D( '', #3470, #3471, #3472 );
#2528 = DRAUGHTING_PRE_DEFINED_CURVE_FONT( 'continuous' );
#2529 = COLOUR_RGB( '', 0.00000000000000, 0.00000000000000, 0.00000000000000 );
#2530 = CARTESIAN_POINT( '', ( 0.00651261900001000, 0.0108078170000100, 3.15030000100000E-05 ) );
#2531 = VECTOR( '', #3473, 1.00000000000000 );
#2532 = DRAUGHTING_PRE_DEFINED_CURVE_FONT( 'continuous' );
#2533 = COLOUR_RGB( '', 0.00000000000000, 0.00000000000000, 0.00000000000000 );
#2534 = CARTESIAN_POINT( '', ( 0.00451261900001000, 0.0158078170000100, 3.15030000100000E-05 ) );
#2535 = VECTOR( '', #3474, 1.00000000000000 );
#2536 = DRAUGHTING_PRE_DEFINED_CURVE_FONT( 'continuous' );
#2537 = COLOUR_RGB( '', 0.00000000000000, 0.00000000000000, 0.00000000000000 );
#2538 = CARTESIAN_POINT( '', ( 1.26190000100000E-05, -0.00424218300001000, 0.0130315030000100 ) );
#2539 = VECTOR( '', #3475, 1.00000000000000 );
#2540 = SURFACE_SIDE_STYLE( '', ( #3476 ) );
#2541 = EDGE_LOOP( '', ( #3477, #3478, #3479, #3480 ) );
#2542 = AXIS2_PLACEMENT_3D( '', #3481, #3482, #3483 );
#2543 = DRAUGHTING_PRE_DEFINED_CURVE_FONT( 'continuous' );
#2544 = COLOUR_RGB( '', 0.00000000000000, 0.00000000000000, 0.00000000000000 );
#2545 = CARTESIAN_POINT( '', ( -0.00294542089156000, -0.0177421830000100, 0.0120315030000100 ) );
#2546 = CARTESIAN_POINT( '', ( -0.00277614335368600, -0.0179090929032600, 0.0120315030000100 ) );
#2547 = CARTESIAN_POINT( '', ( -0.00260667536679400, -0.0180758091261000, 0.0120315030000100 ) );
#2548 = CARTESIAN_POINT( '', ( -0.00243687074279300, -0.0182421830000100, 0.0120315030000100 ) );
#2549 = DRAUGHTING_PRE_DEFINED_CURVE_FONT( 'continuous' );
#2550 = COLOUR_RGB( '', 0.00000000000000, 0.00000000000000, 0.00000000000000 );
#2551 = CARTESIAN_POINT( '', ( -0.00348738100001000, 0.0108078170000100, 3.15030000100000E-05 ) );
#2552 = VECTOR( '', #3484, 1.00000000000000 );
#2553 = DRAUGHTING_PRE_DEFINED_CURVE_FONT( 'continuous' );
#2554 = COLOUR_RGB( '', 0.00000000000000, 0.00000000000000, 0.00000000000000 );
#2555 = CARTESIAN_POINT( '', ( -0.00243687074279300, 0.0125078170000100, 0.0120315030000100 ) );
#2556 = VECTOR( '', #3485, 1.00000000000000 );
#2557 = SURFACE_SIDE_STYLE( '', ( #3486 ) );
#2558 = EDGE_LOOP( '', ( #3487, #3488, #3489, #3490 ) );
#2559 = AXIS2_PLACEMENT_3D( '', #3491, #3492, #3493 );
#2560 = DRAUGHTING_PRE_DEFINED_CURVE_FONT( 'continuous' );
#2561 = COLOUR_RGB( '', 0.00000000000000, 0.00000000000000, 0.00000000000000 );
#2562 = CARTESIAN_POINT( '', ( 0.00151261900001000, 0.0158078170000100, 0.00103150300001000 ) );
#2563 = VECTOR( '', #3494, 1.00000000000000 );
#2564 = SURFACE_SIDE_STYLE( '', ( #3495 ) );
#2565 = EDGE_LOOP( '', ( #3496, #3497 ) );
#2566 = AXIS2_PLACEMENT_3D( '', #3498, #3499, #3500 );
#2567 = DRAUGHTING_PRE_DEFINED_CURVE_FONT( 'continuous' );
#2568 = COLOUR_RGB( '', 0.00000000000000, 0.00000000000000, 0.00000000000000 );
#2569 = CARTESIAN_POINT( '', ( 0.000512619000010000, 0.0153078170000100, 3.15030000100000E-05 ) );
#2570 = VECTOR( '', #3501, 1.00000000000000 );
#2571 = DRAUGHTING_PRE_DEFINED_CURVE_FONT( 'continuous' );
#2572 = COLOUR_RGB( '', 0.00000000000000, 0.00000000000000, 0.00000000000000 );
#2573 = CARTESIAN_POINT( '', ( -0.00148738100001000, 0.0153078170000100, 3.15030000100000E-05 ) );
#2574 = VECTOR( '', #3502, 1.00000000000000 );
#2575 = DRAUGHTING_PRE_DEFINED_CURVE_FONT( 'continuous' );
#2576 = COLOUR_RGB( '', 0.00000000000000, 0.00000000000000, 0.00000000000000 );
#2577 = CARTESIAN_POINT( '', ( -0.00348738100000000, 0.00675781700002000, 0.0125315030000200 ) );
#2578 = AXIS2_PLACEMENT_3D( '', #3503, #3504, #3505 );
#2579 = SURFACE_SIDE_STYLE( '', ( #3506 ) );
#2580 = EDGE_LOOP( '', ( #3507 ) );
#2581 = EDGE_LOOP( '', ( #3508, #3509, #3510, #3511, #3512, #3513, #3514, #3515 ) );
#2582 = AXIS2_PLACEMENT_3D( '', #3516, #3517, #3518 );
#2583 = DRAUGHTING_PRE_DEFINED_CURVE_FONT( 'continuous' );
#2584 = COLOUR_RGB( '', 0.00000000000000, 0.00000000000000, 0.00000000000000 );
#2585 = CARTESIAN_POINT( '', ( 0.00551261900001000, 0.0158078170000100, 3.15030000100000E-05 ) );
#2586 = VECTOR( '', #3519, 1.00000000000000 );
#2587 = DRAUGHTING_PRE_DEFINED_CURVE_FONT( 'continuous' );
#2588 = COLOUR_RGB( '', 0.00000000000000, 0.00000000000000, 0.00000000000000 );
#2589 = CARTESIAN_POINT( '', ( -0.00548738100001000, 0.0108078170000100, -0.00346849700001000 ) );
#2590 = VECTOR( '', #3520, 1.00000000000000 );
#2591 = SURFACE_SIDE_STYLE( '', ( #3521 ) );
#2592 = EDGE_LOOP( '', ( #3522, #3523, #3524, #3525 ) );
#2593 = AXIS2_PLACEMENT_3D( '', #3526, #3527, #3528 );
#2594 = DRAUGHTING_PRE_DEFINED_CURVE_FONT( 'continuous' );
#2595 = COLOUR_RGB( '', 0.00000000000000, 0.00000000000000, 0.00000000000000 );
#2596 = CARTESIAN_POINT( '', ( 0.000512619000010000, 0.0158078170000100, -0.00346849700001000 ) );
#2597 = VECTOR( '', #3529, 1.00000000000000 );
#2598 = SURFACE_SIDE_STYLE( '', ( #3530 ) );
#2599 = EDGE_LOOP( '', ( #3531, #3532, #3533, #3534 ) );
#2600 = AXIS2_PLACEMENT_3D( '', #3535, #3536, #3537 );
#2601 = DRAUGHTING_PRE_DEFINED_CURVE_FONT( 'continuous' );
#2602 = COLOUR_RGB( '', 0.00000000000000, 0.00000000000000, 0.00000000000000 );
#2603 = CARTESIAN_POINT( '', ( -0.000487381000010000, 0.0108078170000100, 3.15030000100000E-05 ) );
#2604 = VECTOR( '', #3538, 1.00000000000000 );
#2605 = DRAUGHTING_PRE_DEFINED_CURVE_FONT( 'continuous' );
#2606 = COLOUR_RGB( '', 0.00000000000000, 0.00000000000000, 0.00000000000000 );
#2607 = CARTESIAN_POINT( '', ( -0.000487381000010000, 0.0108078170000100, 3.15030000100000E-05 ) );
#2608 = VECTOR( '', #3539, 1.00000000000000 );
#2609 = SURFACE_SIDE_STYLE( '', ( #3540 ) );
#2610 = EDGE_LOOP( '', ( #3541, #3542, #3543, #3544 ) );
#2611 = AXIS2_PLACEMENT_3D( '', #3545, #3546, #3547 );
#2612 = DRAUGHTING_PRE_DEFINED_CURVE_FONT( 'continuous' );
#2613 = COLOUR_RGB( '', 0.00000000000000, 0.00000000000000, 0.00000000000000 );
#2614 = CARTESIAN_POINT( '', ( -0.00348738100001000, 0.0158078170000100, 0.00103150300001000 ) );
#2615 = VECTOR( '', #3548, 1.00000000000000 );
#2616 = DRAUGHTING_PRE_DEFINED_CURVE_FONT( 'continuous' );
#2617 = COLOUR_RGB( '', 0.00000000000000, 0.00000000000000, 0.00000000000000 );
#2618 = CARTESIAN_POINT( '', ( 0.00451261900001000, 0.0103078170000100, -0.00346849700001000 ) );
#2619 = VECTOR( '', #3549, 1.00000000000000 );
#2620 = DRAUGHTING_PRE_DEFINED_CURVE_FONT( 'continuous' );
#2621 = COLOUR_RGB( '', 0.00000000000000, 0.00000000000000, 0.00000000000000 );
#2622 = CARTESIAN_POINT( '', ( 0.00451261900001000, 0.0108078170000100, -0.00346849700001000 ) );
#2623 = VECTOR( '', #3550, 1.00000000000000 );
#2624 = DRAUGHTING_PRE_DEFINED_CURVE_FONT( 'continuous' );
#2625 = COLOUR_RGB( '', 0.00000000000000, 0.00000000000000, 0.00000000000000 );
#2626 = AXIS2_PLACEMENT_3D( '', #3551, #3552, #3553 );
#2627 = DRAUGHTING_PRE_DEFINED_CURVE_FONT( 'continuous' );
#2628 = COLOUR_RGB( '', 0.00000000000000, 0.00000000000000, 0.00000000000000 );
#2629 = CARTESIAN_POINT( '', ( -0.000487381000010000, 0.0158078170000100, -0.00346849700001000 ) );
#2630 = VECTOR( '', #3554, 1.00000000000000 );
#2631 = DRAUGHTING_PRE_DEFINED_CURVE_FONT( 'continuous' );
#2632 = COLOUR_RGB( '', 0.00000000000000, 0.00000000000000, 0.00000000000000 );
#2633 = CARTESIAN_POINT( '', ( -0.00448738100001000, 0.0108078170000100, -0.00346849700001000 ) );
#2634 = VECTOR( '', #3555, 1.00000000000000 );
#2635 = DRAUGHTING_PRE_DEFINED_CURVE_FONT( 'continuous' );
#2636 = COLOUR_RGB( '', 0.00000000000000, 0.00000000000000, 0.00000000000000 );
#2637 = CARTESIAN_POINT( '', ( -0.00148738100001000, 0.0158078170000100, 3.15030000100000E-05 ) );
#2638 = VECTOR( '', #3556, 1.00000000000000 );
#2639 = DRAUGHTING_PRE_DEFINED_CURVE_FONT( 'continuous' );
#2640 = COLOUR_RGB( '', 0.00000000000000, 0.00000000000000, 0.00000000000000 );
#2641 = CARTESIAN_POINT( '', ( 0.00551261900001000, 0.0153078170000100, 3.15030000100000E-05 ) );
#2642 = VECTOR( '', #3557, 1.00000000000000 );
#2643 = DRAUGHTING_PRE_DEFINED_CURVE_FONT( 'continuous' );
#2644 = COLOUR_RGB( '', 0.00000000000000, 0.00000000000000, 0.00000000000000 );
#2645 = CARTESIAN_POINT( '', ( -0.00448738100001000, 0.0158078170000100, 3.15030000100000E-05 ) );
#2646 = VECTOR( '', #3558, 1.00000000000000 );
#2647 = DRAUGHTING_PRE_DEFINED_CURVE_FONT( 'continuous' );
#2648 = COLOUR_RGB( '', 0.00000000000000, 0.00000000000000, 0.00000000000000 );
#2649 = CARTESIAN_POINT( '', ( 0.00551261900001000, 0.0103078170000100, -0.00346849700001000 ) );
#2650 = VECTOR( '', #3559, 1.00000000000000 );
#2651 = DRAUGHTING_PRE_DEFINED_CURVE_FONT( 'continuous' );
#2652 = COLOUR_RGB( '', 0.00000000000000, 0.00000000000000, 0.00000000000000 );
#2653 = CARTESIAN_POINT( '', ( -0.00648738100001000, 0.0158078170000100, 0.00103150300001000 ) );
#2654 = VECTOR( '', #3560, 1.00000000000000 );
#2655 = DRAUGHTING_PRE_DEFINED_CURVE_FONT( 'continuous' );
#2656 = COLOUR_RGB( '', 0.00000000000000, 0.00000000000000, 0.00000000000000 );
#2657 = CARTESIAN_POINT( '', ( -0.00728738100001000, 0.00675781700001000, 0.00103150300001000 ) );
#2658 = VECTOR( '', #3561, 1.00000000000000 );
#2659 = DRAUGHTING_PRE_DEFINED_CURVE_FONT( 'continuous' );
#2660 = COLOUR_RGB( '', 0.00000000000000, 0.00000000000000, 0.00000000000000 );
#2661 = CARTESIAN_POINT( '', ( -0.00448738100001000, 0.0108078170000100, -0.00346849700001000 ) );
#2662 = VECTOR( '', #3562, 1.00000000000000 );
#2663 = SURFACE_SIDE_STYLE( '', ( #3563 ) );
#2664 = EDGE_LOOP( '', ( #3564, #3565, #3566, #3567, #3568, #3569, #3570, #3571 ) );
#2665 = AXIS2_PLACEMENT_3D( '', #3572, #3573, #3574 );
#2666 = SURFACE_SIDE_STYLE( '', ( #3575 ) );
#2667 = EDGE_LOOP( '', ( #3576, #3577, #3578, #3579 ) );
#2668 = AXIS2_PLACEMENT_3D( '', #3580, #3581, #3582 );
#2670 = SURFACE_STYLE_FILL_AREA( #3583 );
#2671 = ORIENTED_EDGE( '', *, *, #429, .T. );
#2672 = ORIENTED_EDGE( '', *, *, #743, .T. );
#2673 = ORIENTED_EDGE( '', *, *, #453, .F. );
#2674 = ORIENTED_EDGE( '', *, *, #715, .T. );
#2675 = CARTESIAN_POINT( '', ( 1.26190000000000E-05, -0.00424218300000000, 0.0155315030000000 ) );
#2676 = DIRECTION( '', ( -1.22464679914700E-16, -1.00000000000000, -1.11022302462500E-16 ) );
#2677 = DIRECTION( '', ( -1.00000000000000, 1.22464679914700E-16, 0.00000000000000 ) );
#2678 = SURFACE_STYLE_FILL_AREA( #3584 );
#2679 = ORIENTED_EDGE( '', *, *, #387, .T. );
#2680 = ORIENTED_EDGE( '', *, *, #635, .F. );
#2681 = ORIENTED_EDGE( '', *, *, #405, .F. );
#2682 = ORIENTED_EDGE( '', *, *, #773, .T. );
#2683 = CARTESIAN_POINT( '', ( 1.26190000000000E-05, 0.0158078170000000, -0.00346849700000000 ) );
#2684 = DIRECTION( '', ( 1.22464679914700E-16, 1.00000000000000, 1.11022302462500E-16 ) );
#2685 = DIRECTION( '', ( 1.00000000000000, -1.22464679914700E-16, -7.79770503597400E-30 ) );
#2686 = DIRECTION( '', ( 0.00000000000000, 0.00000000000000, 1.00000000000000 ) );
#2687 = DIRECTION( '', ( -1.00000000000000, 0.00000000000000, 0.00000000000000 ) );
#2688 = SURFACE_STYLE_FILL_AREA( #3585 );
#2689 = ORIENTED_EDGE( '', *, *, #743, .F. );
#2690 = ORIENTED_EDGE( '', *, *, #515, .F. );
#2691 = ORIENTED_EDGE( '', *, *, #695, .T. );
#2692 = ORIENTED_EDGE( '', *, *, #447, .T. );
#2693 = ORIENTED_EDGE( '', *, *, #539, .T. );
#2694 = ORIENTED_EDGE( '', *, *, #545, .F. );
#2695 = ORIENTED_EDGE( '', *, *, #715, .F. );
#2696 = ORIENTED_EDGE( '', *, *, #313, .F. );
#2697 = ORIENTED_EDGE( '', *, *, #691, .F. );
#2698 = ORIENTED_EDGE( '', *, *, #679, .F. );
#2699 = CARTESIAN_POINT( '', ( 0.00851261900000000, -0.0182421830000000, 0.0130315030000000 ) );
#2700 = DIRECTION( '', ( -1.79565268097456E-45, -2.31118543107100E-16, 1.00000000000000 ) );
#2701 = DIRECTION( '', ( 1.00000000000000, -7.76940117757000E-30, -9.33452291679171E-61 ) );
#2702 = SURFACE_STYLE_FILL_AREA( #3586 );
#2703 = ORIENTED_EDGE( '', *, *, #619, .T. );
#2704 = ORIENTED_EDGE( '', *, *, #727, .F. );
#2705 = ORIENTED_EDGE( '', *, *, #519, .F. );
#2706 = ORIENTED_EDGE( '', *, *, #697, .T. );
#2707 = CARTESIAN_POINT( '', ( 0.00501261900000000, 0.0108078170000000, -0.00346849700000000 ) );
#2708 = DIRECTION( '', ( 1.22464679914700E-16, 1.00000000000000, 1.11022302462500E-16 ) );
#2709 = DIRECTION( '', ( 1.00000000000000, -1.22464679914700E-16, -7.79770503597400E-30 ) );
#2710 = DIRECTION( '', ( -1.00000000000000, 0.00000000000000, 0.00000000000000 ) );
#2711 = DIRECTION( '', ( 0.00000000000000, -1.00000000000000, 0.00000000000000 ) );
#2712 = DIRECTION( '', ( 1.00000000000000, 0.00000000000000, 0.00000000000000 ) );
#2713 = DIRECTION( '', ( 0.00000000000000, -1.00000000000000, 0.00000000000000 ) );
#2714 = SURFACE_STYLE_FILL_AREA( #3587 );
#2715 = ORIENTED_EDGE( '', *, *, #509, .T. );
#2716 = ORIENTED_EDGE( '', *, *, #723, .F. );
#2717 = ORIENTED_EDGE( '', *, *, #665, .F. );
#2718 = ORIENTED_EDGE( '', *, *, #617, .T. );
#2719 = CARTESIAN_POINT( '', ( 0.000512619000000000, 0.0108078170000000, 3.15030000000000E-05 ) );
#2720 = DIRECTION( '', ( -8.64209673294581E-46, -1.11022302462500E-16, 1.00000000000000 ) );
#2721 = DIRECTION( '', ( 1.00000000000000, -7.78410872524000E-30, 6.22301527786114E-61 ) );
#2722 = SURFACE_STYLE_FILL_AREA( #3588 );
#2723 = ORIENTED_EDGE( '', *, *, #681, .F. );
#2724 = ORIENTED_EDGE( '', *, *, #643, .T. );
#2725 = ORIENTED_EDGE( '', *, *, #457, .T. );
#2726 = ORIENTED_EDGE( '', *, *, #755, .F. );
#2727 = ORIENTED_EDGE( '', *, *, #633, .F. );
#2728 = ORIENTED_EDGE( '', *, *, #417, .T. );
#2729 = ORIENTED_EDGE( '', *, *, #375, .T. );
#2730 = ORIENTED_EDGE( '', *, *, #475, .F. );
#2731 = ORIENTED_EDGE( '', *, *, #303, .F. );
#2732 = ORIENTED_EDGE( '', *, *, #423, .T. );
#2733 = ORIENTED_EDGE( '', *, *, #353, .T. );
#2734 = ORIENTED_EDGE( '', *, *, #615, .F. );
#2735 = ORIENTED_EDGE( '', *, *, #585, .T. );
#2736 = ORIENTED_EDGE( '', *, *, #719, .F. );
#2737 = ORIENTED_EDGE( '', *, *, #407, .F. );
#2738 = ORIENTED_EDGE( '', *, *, #503, .T. );
#2739 = ORIENTED_EDGE( '', *, *, #459, .F. );
#2740 = ORIENTED_EDGE( '', *, *, #559, .T. );
#2741 = ORIENTED_EDGE( '', *, *, #657, .T. );
#2742 = ORIENTED_EDGE( '', *, *, #649, .F. );
#2743 = ORIENTED_EDGE( '', *, *, #729, .F. );
#2744 = ORIENTED_EDGE( '', *, *, #627, .T. );
#2745 = ORIENTED_EDGE( '', *, *, #325, .T. );
#2746 = ORIENTED_EDGE( '', *, *, #343, .F. );
#2747 = ORIENTED_EDGE( '', *, *, #565, .F. );
#2748 = ORIENTED_EDGE( '', *, *, #803, .T. );
#2749 = ORIENTED_EDGE( '', *, *, #685, .T. );
#2750 = ORIENTED_EDGE( '', *, *, #783, .F. );
#2751 = CARTESIAN_POINT( '', ( 0.00731261900000000, 0.0182578170000000, 0.00103150300000000 ) );
#2752 = DIRECTION( '', ( -8.64209673294581E-46, -1.11022302462500E-16, 1.00000000000000 ) );
#2753 = DIRECTION( '', ( 1.00000000000000, -7.78410872524000E-30, 6.22301527786114E-61 ) );
#2754 = SURFACE_STYLE_FILL_AREA( #3589 );
#2755 = ORIENTED_EDGE( '', *, *, #323, .F. );
#2756 = ORIENTED_EDGE( '', *, *, #657, .F. );
#2757 = ORIENTED_EDGE( '', *, *, #499, .F. );
#2758 = ORIENTED_EDGE( '', *, *, #327, .F. );
#2759 = ORIENTED_EDGE( '', *, *, #317, .F. );
#2760 = ORIENTED_EDGE( '', *, *, #441, .F. );
#2761 = ORIENTED_EDGE( '', *, *, #591, .F. );
#2762 = ORIENTED_EDGE( '', *, *, #509, .F. );
#2763 = CARTESIAN_POINT( '', ( 1.26190000000000E-05, 0.0103078170000000, -0.00346849700000000 ) );
#2764 = DIRECTION( '', ( -1.22464679914700E-16, -1.00000000000000, -1.11022302462500E-16 ) );
#2765 = DIRECTION( '', ( -1.00000000000000, 1.22464679914700E-16, 0.00000000000000 ) );
#2766 = DIRECTION( '', ( 0.00000000000000, -1.00000000000000, 0.00000000000000 ) );
#2767 = DIRECTION( '', ( 0.00000000000000, -1.00000000000000, 0.00000000000000 ) );
#2768 = DIRECTION( '', ( 0.00000000000000, 0.00000000000000, 1.00000000000000 ) );
#2769 = DIRECTION( '', ( -1.00000000000000, 0.00000000000000, 0.00000000000000 ) );
#2770 = SURFACE_STYLE_FILL_AREA( #3590 );
#2771 = ORIENTED_EDGE( '', *, *, #469, .T. );
#2772 = ORIENTED_EDGE( '', *, *, #725, .F. );
#2773 = ORIENTED_EDGE( '', *, *, #291, .F. );
#2774 = ORIENTED_EDGE( '', *, *, #335, .T. );
#2775 = CARTESIAN_POINT( '', ( 0.00451261900000000, 0.0158078170000000, -0.00346849700000000 ) );
#2776 = DIRECTION( '', ( 1.00000000000000, 3.03489078894359E-32, -2.47817639425300E-16 ) );
#2777 = DIRECTION( '', ( 1.09476442525376E-47, 1.00000000000000, 1.22464679914700E-16 ) );
#2778 = DIRECTION( '', ( 0.00000000000000, 0.00000000000000, -1.00000000000000 ) );
#2779 = DIRECTION( '', ( 1.00000000000000, 0.00000000000000, 0.00000000000000 ) );
#2780 = DIRECTION( '', ( -1.00000000000000, 0.00000000000000, 0.00000000000000 ) );
#2781 = DIRECTION( '', ( 0.00000000000000, 0.00000000000000, 1.00000000000000 ) );
#2782 = DIRECTION( '', ( 0.00000000000000, 0.00000000000000, 1.00000000000000 ) );
#2783 = DIRECTION( '', ( -1.00000000000000, 0.00000000000000, 0.00000000000000 ) );
#2784 = DIRECTION( '', ( 0.00000000000000, -1.00000000000000, 0.00000000000000 ) );
#2785 = SURFACE_STYLE_FILL_AREA( #3591 );
#2786 = ORIENTED_EDGE( '', *, *, #327, .T. );
#2787 = ORIENTED_EDGE( '', *, *, #669, .F. );
#2788 = ORIENTED_EDGE( '', *, *, #779, .F. );
#2789 = ORIENTED_EDGE( '', *, *, #777, .T. );
#2790 = CARTESIAN_POINT( '', ( -0.000487381000000000, 0.0108078170000000, 3.15030000000000E-05 ) );
#2791 = DIRECTION( '', ( -8.64209673294581E-46, -1.11022302462500E-16, 1.00000000000000 ) );
#2792 = DIRECTION( '', ( 1.00000000000000, -7.78410872524000E-30, 6.22301527786114E-61 ) );
#2793 = SURFACE_STYLE_FILL_AREA( #3592 );
#2794 = ORIENTED_EDGE( '', *, *, #591, .T. );
#2795 = ORIENTED_EDGE( '', *, *, #315, .F. );
#2796 = ORIENTED_EDGE( '', *, *, #625, .F. );
#2797 = ORIENTED_EDGE( '', *, *, #723, .T. );
#2798 = CARTESIAN_POINT( '', ( 0.000512619000000000, 0.0108078170000000, -0.00346849700000000 ) );
#2799 = DIRECTION( '', ( -1.00000000000000, 1.22464679914700E-16, 2.47817639425300E-16 ) );
#2800 = DIRECTION( '', ( 1.22464679914700E-16, 1.00000000000000, 0.00000000000000 ) );
#2801 = SURFACE_STYLE_FILL_AREA( #3593 );
#2802 = ORIENTED_EDGE( '', *, *, #493, .T. );
#2803 = ORIENTED_EDGE( '', *, *, #443, .T. );
#2804 = ORIENTED_EDGE( '', *, *, #403, .T. );
#2805 = ORIENTED_EDGE( '', *, *, #519, .T. );
#2806 = ORIENTED_EDGE( '', *, *, #787, .T. );
#2807 = ORIENTED_EDGE( '', *, *, #607, .T. );
#2808 = ORIENTED_EDGE( '', *, *, #587, .T. );
#2809 = ORIENTED_EDGE( '', *, *, #303, .T. );
#2810 = CARTESIAN_POINT( '', ( 0.00501261900000000, 0.0108078170000000, -0.00346849700000000 ) );
#2811 = DIRECTION( '', ( -1.22464679914700E-16, -1.00000000000000, -1.11022302462500E-16 ) );
#2812 = DIRECTION( '', ( -1.00000000000000, 1.22464679914700E-16, 0.00000000000000 ) );
#2813 = DIRECTION( '', ( 0.00000000000000, -1.00000000000000, 0.00000000000000 ) );
#2814 = SURFACE_STYLE_FILL_AREA( #3594 );
#2815 = ORIENTED_EDGE( '', *, *, #691, .T. );
#2816 = ORIENTED_EDGE( '', *, *, #399, .F. );
#2817 = ORIENTED_EDGE( '', *, *, #637, .F. );
#2818 = ORIENTED_EDGE( '', *, *, #671, .F. );
#2819 = CARTESIAN_POINT( '', ( 0.00851261900000000, -0.00199218300000000, 0.0130315030000000 ) );
#2820 = DIRECTION( '', ( 1.35963107344631E-32, 1.00000000000000, 1.11022302462500E-16 ) );
#2821 = DIRECTION( '', ( 1.00000000000000, 1.09476442525376E-47, -1.22464679914700E-16 ) );
#2822 = CARTESIAN_POINT( '', ( 1.26190000100000E-05, -0.0177421830000100, 0.0125315030000100 ) );
#2823 = DIRECTION( '', ( 0.00000000000000, 1.00000000000000, 0.00000000000000 ) );
#2824 = DIRECTION( '', ( 0.00000000000000, 0.00000000000000, -1.00000000000000 ) );
#2825 = DIRECTION( '', ( -1.00000000000000, 0.00000000000000, 0.00000000000000 ) );
#2826 = DIRECTION( '', ( 0.00000000000000, 0.00000000000000, -1.00000000000000 ) );
#2827 = DIRECTION( '', ( 1.00000000000000, 0.00000000000000, 0.00000000000000 ) );
#2828 = DIRECTION( '', ( 0.00000000000000, -1.00000000000000, 0.00000000000000 ) );
#2829 = SURFACE_STYLE_FILL_AREA( #3595 );
#2830 = ORIENTED_EDGE( '', *, *, #531, .T. );
#2831 = ORIENTED_EDGE( '', *, *, #795, .F. );
#2832 = ORIENTED_EDGE( '', *, *, #471, .F. );
#2833 = ORIENTED_EDGE( '', *, *, #301, .T. );
#2834 = CARTESIAN_POINT( '', ( -0.000487381000000000, 0.0158078170000000, 3.15030000000000E-05 ) );
#2835 = DIRECTION( '', ( -8.64209673294581E-46, -1.11022302462500E-16, 1.00000000000000 ) );
#2836 = DIRECTION( '', ( 1.00000000000000, -7.78410872524000E-30, 6.22301527786114E-61 ) );
#2837 = SURFACE_STYLE_FILL_AREA( #3596 );
#2838 = ORIENTED_EDGE( '', *, *, #537, .F. );
#2839 = ORIENTED_EDGE( '', *, *, #551, .T. );
#2840 = CARTESIAN_POINT( '', ( 1.26190000000000E-05, 0.000257817000000000, 0.0150315030000000 ) );
#2841 = DIRECTION( '', ( 1.35963107344631E-32, 1.00000000000000, 1.11022302462500E-16 ) );
#2842 = DIRECTION( '', ( 1.00000000000000, 1.09476442525376E-47, -1.22464679914700E-16 ) );
#2843 = CARTESIAN_POINT( '', ( 1.26190000100000E-05, -0.0177421830000100, 0.0125315030000100 ) );
#2844 = DIRECTION( '', ( 0.00000000000000, 1.00000000000000, 0.00000000000000 ) );
#2845 = DIRECTION( '', ( 0.00000000000000, 0.00000000000000, -1.00000000000000 ) );
#2846 = DIRECTION( '', ( 0.00000000000000, 0.00000000000000, -1.00000000000000 ) );
#2847 = SURFACE_STYLE_FILL_AREA( #3597 );
#2848 = ORIENTED_EDGE( '', *, *, #535, .F. );
#2849 = ORIENTED_EDGE( '', *, *, #561, .F. );
#2850 = ORIENTED_EDGE( '', *, *, #747, .T. );
#2851 = ORIENTED_EDGE( '', *, *, #465, .F. );
#2852 = ORIENTED_EDGE( '', *, *, #631, .T. );
#2853 = ORIENTED_EDGE( '', *, *, #479, .F. );
#2854 = ORIENTED_EDGE( '', *, *, #573, .F. );
#2855 = ORIENTED_EDGE( '', *, *, #391, .F. );
#2856 = ORIENTED_EDGE( '', *, *, #637, .T. );
#2857 = ORIENTED_EDGE( '', *, *, #751, .F. );
#2858 = CARTESIAN_POINT( '', ( 0.00851261900000000, -0.0182421830000000, 0.0120315030000000 ) );
#2859 = DIRECTION( '', ( -7.79881627290900E-30, -9.07393818203300E-18, -1.00000000000000 ) );
#2860 = DIRECTION( '', ( 0.00000000000000, -1.00000000000000, 9.07393818203300E-18 ) );
#2861 = DIRECTION( '', ( 0.00000000000000, 0.00000000000000, 1.00000000000000 ) );
#2862 = SURFACE_STYLE_FILL_AREA( #3598 );
#2863 = ORIENTED_EDGE( '', *, *, #735, .T. );
#2864 = ORIENTED_EDGE( '', *, *, #335, .F. );
#2865 = ORIENTED_EDGE( '', *, *, #569, .F. );
#2866 = ORIENTED_EDGE( '', *, *, #623, .T. );
#2867 = CARTESIAN_POINT( '', ( 0.00501261900000000, 0.0158078170000000, -0.00346849700000000 ) );
#2868 = DIRECTION( '', ( 1.22464679914700E-16, 1.00000000000000, 1.11022302462500E-16 ) );
#2869 = DIRECTION( '', ( 1.00000000000000, -1.22464679914700E-16, -7.79770503597400E-30 ) );
#2870 = SURFACE_STYLE_FILL_AREA( #3599 );
#2871 = ORIENTED_EDGE( '', *, *, #785, .T. );
#2872 = ORIENTED_EDGE( '', *, *, #427, .F. );
#2873 = ORIENTED_EDGE( '', *, *, #787, .F. );
#2874 = ORIENTED_EDGE( '', *, *, #727, .T. );
#2875 = CARTESIAN_POINT( '', ( 0.00451261900000000, 0.0108078170000000, -0.00346849700000000 ) );
#2876 = DIRECTION( '', ( 1.00000000000000, 3.03489078894359E-32, -2.47817639425300E-16 ) );
#2877 = DIRECTION( '', ( 1.09476442525376E-47, 1.00000000000000, 1.22464679914700E-16 ) );
#2878 = DIRECTION( '', ( 0.00000000000000, -1.00000000000000, 0.00000000000000 ) );
#2879 = DIRECTION( '', ( 1.00000000000000, 0.00000000000000, 0.00000000000000 ) );
#2880 = SURFACE_STYLE_FILL_AREA( #3600 );
#2881 = ORIENTED_EDGE( '', *, *, #663, .T. );
#2882 = ORIENTED_EDGE( '', *, *, #665, .T. );
#2883 = ORIENTED_EDGE( '', *, *, #625, .T. );
#2884 = ORIENTED_EDGE( '', *, *, #461, .T. );
#2885 = ORIENTED_EDGE( '', *, *, #437, .T. );
#2886 = ORIENTED_EDGE( '', *, *, #779, .T. );
#2887 = ORIENTED_EDGE( '', *, *, #563, .T. );
#2888 = ORIENTED_EDGE( '', *, *, #459, .T. );
#2889 = CARTESIAN_POINT( '', ( 1.26190000000000E-05, 0.0108078170000000, -0.00346849700000000 ) );
#2890 = DIRECTION( '', ( -1.22464679914700E-16, -1.00000000000000, -1.11022302462500E-16 ) );
#2891 = DIRECTION( '', ( -1.00000000000000, 1.22464679914700E-16, 0.00000000000000 ) );
#2892 = DIRECTION( '', ( 0.00000000000000, 0.00000000000000, 1.00000000000000 ) );
#2893 = SURFACE_STYLE_FILL_AREA( #3601 );
#2894 = ORIENTED_EDGE( '', *, *, #441, .T. );
#2895 = ORIENTED_EDGE( '', *, *, #593, .F. );
#2896 = ORIENTED_EDGE( '', *, *, #461, .F. );
#2897 = ORIENTED_EDGE( '', *, *, #315, .T. );
#2898 = CARTESIAN_POINT( '', ( 1.26190000000000E-05, 0.0108078170000000, -0.00346849700000000 ) );
#2899 = DIRECTION( '', ( 1.22464679914700E-16, 1.00000000000000, 1.11022302462500E-16 ) );
#2900 = DIRECTION( '', ( 1.00000000000000, -1.22464679914700E-16, -7.79770503597400E-30 ) );
#2901 = SURFACE_STYLE_FILL_AREA( #3602 );
#2902 = ORIENTED_EDGE( '', *, *, #557, .F. );
#2903 = ORIENTED_EDGE( '', *, *, #457, .F. );
#2904 = ORIENTED_EDGE( '', *, *, #761, .F. );
#2905 = ORIENTED_EDGE( '', *, *, #531, .F. );
#2906 = ORIENTED_EDGE( '', *, *, #529, .F. );
#2907 = ORIENTED_EDGE( '', *, *, #387, .F. );
#2908 = ORIENTED_EDGE( '', *, *, #621, .F. );
#2909 = ORIENTED_EDGE( '', *, *, #759, .F. );
#2910 = CARTESIAN_POINT( '', ( 1.26190000000000E-05, 0.0153078170000000, -0.00346849700000000 ) );
#2911 = DIRECTION( '', ( -1.22464679914700E-16, -1.00000000000000, -1.11022302462500E-16 ) );
#2912 = DIRECTION( '', ( -1.00000000000000, 1.22464679914700E-16, 0.00000000000000 ) );
#2913 = SURFACE_STYLE_FILL_AREA( #3603 );
#2914 = ORIENTED_EDGE( '', *, *, #513, .T. );
#2915 = ORIENTED_EDGE( '', *, *, #711, .F. );
#2916 = ORIENTED_EDGE( '', *, *, #319, .F. );
#2917 = ORIENTED_EDGE( '', *, *, #693, .T. );
#2918 = CARTESIAN_POINT( '', ( -0.00548738100000000, 0.0158078170000000, 3.15030000000000E-05 ) );
#2919 = DIRECTION( '', ( -8.64209673294581E-46, -1.11022302462500E-16, 1.00000000000000 ) );
#2920 = DIRECTION( '', ( 1.00000000000000, -7.78410872524000E-30, 6.22301527786114E-61 ) );
#2921 = CARTESIAN_POINT( '', ( 1.26190000100000E-05, 0.0153078170000100, -0.00346849700001000 ) );
#2922 = DIRECTION( '', ( 0.00000000000000, 1.00000000000000, 0.00000000000000 ) );
#2923 = DIRECTION( '', ( 1.00000000000000, 0.00000000000000, 0.00000000000000 ) );
#2924 = SURFACE_STYLE_FILL_AREA( #3604 );
#2925 = ORIENTED_EDGE( '', *, *, #557, .T. );
#2926 = ORIENTED_EDGE( '', *, *, #595, .F. );
#2927 = ORIENTED_EDGE( '', *, *, #709, .F. );
#2928 = ORIENTED_EDGE( '', *, *, #755, .T. );
#2929 = CARTESIAN_POINT( '', ( 0.00151261900000000, 0.0158078170000000, 3.15030000000000E-05 ) );
#2930 = DIRECTION( '', ( -1.00000000000000, 1.22464679914700E-16, 8.67361737988400E-16 ) );
#2931 = DIRECTION( '', ( 1.22464679914700E-16, 1.00000000000000, 0.00000000000000 ) );
#2932 = DIRECTION( '', ( 0.00000000000000, -1.00000000000000, 0.00000000000000 ) );
#2933 = SURFACE_STYLE_FILL_AREA( #3605 );
#2934 = ORIENTED_EDGE( '', *, *, #421, .T. );
#2935 = ORIENTED_EDGE( '', *, *, #355, .F. );
#2936 = ORIENTED_EDGE( '', *, *, #351, .F. );
#2937 = ORIENTED_EDGE( '', *, *, #783, .T. );
#2938 = CARTESIAN_POINT( '', ( -0.00348738100000000, 0.0158078170000000, 3.15030000000000E-05 ) );
#2939 = DIRECTION( '', ( -1.00000000000000, 1.22464679914700E-16, 8.67361737988400E-16 ) );
#2940 = DIRECTION( '', ( 1.22464679914700E-16, 1.00000000000000, 0.00000000000000 ) );
#2941 = SURFACE_STYLE_FILL_AREA( #3606 );
#2942 = ORIENTED_EDGE( '', *, *, #621, .T. );
#2943 = ORIENTED_EDGE( '', *, *, #773, .F. );
#2944 = ORIENTED_EDGE( '', *, *, #655, .F. );
#2945 = ORIENTED_EDGE( '', *, *, #489, .T. );
#2946 = CARTESIAN_POINT( '', ( 0.000512619000000000, 0.0158078170000000, -0.00346849700000000 ) );
#2947 = DIRECTION( '', ( -1.00000000000000, 1.22464679914700E-16, 2.47817639425300E-16 ) );
#2948 = DIRECTION( '', ( 1.22464679914700E-16, 1.00000000000000, 0.00000000000000 ) );
#2949 = SURFACE_STYLE_FILL_AREA( #3607 );
#2950 = ORIENTED_EDGE( '', *, *, #801, .T. );
#2951 = ORIENTED_EDGE( '', *, *, #697, .F. );
#2952 = ORIENTED_EDGE( '', *, *, #403, .F. );
#2953 = ORIENTED_EDGE( '', *, *, #703, .T. );
#2954 = CARTESIAN_POINT( '', ( 0.00551261900000000, 0.0108078170000000, -0.00346849700000000 ) );
#2955 = DIRECTION( '', ( -1.00000000000000, 1.22464679914700E-16, 2.47817639425300E-16 ) );
#2956 = DIRECTION( '', ( 1.22464679914700E-16, 1.00000000000000, 0.00000000000000 ) );
#2957 = CARTESIAN_POINT( '', ( 1.26190000100000E-05, -0.00199218300001000, 0.0125315030000100 ) );
#2958 = DIRECTION( '', ( 0.00000000000000, 1.00000000000000, 0.00000000000000 ) );
#2959 = DIRECTION( '', ( -1.00000000000000, 0.00000000000000, 0.00000000000000 ) );
#2960 = CARTESIAN_POINT( '', ( -0.00498738100001000, 0.0108078170000100, -0.00346849700001000 ) );
#2961 = DIRECTION( '', ( 0.00000000000000, 1.00000000000000, 0.00000000000000 ) );
#2962 = DIRECTION( '', ( 1.00000000000000, 0.00000000000000, 0.00000000000000 ) );
#2963 = DIRECTION( '', ( 0.00000000000000, 0.00000000000000, -1.00000000000000 ) );
#2964 = CARTESIAN_POINT( '', ( 1.26190000100000E-05, 0.0158078170000100, -0.00346849700001000 ) );
#2965 = DIRECTION( '', ( 0.00000000000000, 1.00000000000000, 0.00000000000000 ) );
#2966 = DIRECTION( '', ( 1.00000000000000, 0.00000000000000, 0.00000000000000 ) );
#2967 = DIRECTION( '', ( -1.00000000000000, 0.00000000000000, 0.00000000000000 ) );
#2968 = DIRECTION( '', ( 0.00000000000000, 0.00000000000000, -1.00000000000000 ) );
#2969 = DIRECTION( '', ( -1.00000000000000, 0.00000000000000, 0.00000000000000 ) );
#2970 = SURFACE_STYLE_FILL_AREA( #3608 );
#2971 = ORIENTED_EDGE( '', *, *, #597, .F. );
#2972 = ORIENTED_EDGE( '', *, *, #533, .T. );
#2973 = ORIENTED_EDGE( '', *, *, #687, .T. );
#2974 = ORIENTED_EDGE( '', *, *, #549, .F. );
#2975 = CARTESIAN_POINT( '', ( 1.26190000000000E-05, 0.0182578170000000, 0.0125315030000000 ) );
#2976 = DIRECTION( '', ( 1.22464679914700E-16, 1.00000000000000, 1.11022302462500E-16 ) );
#2977 = DIRECTION( '', ( 1.00000000000000, -1.22464679914700E-16, -7.79770503597400E-30 ) );
#2978 = CARTESIAN_POINT( '', ( 1.26190000100000E-05, -0.0182421830000100, 0.0125315030000100 ) );
#2979 = DIRECTION( '', ( 0.00000000000000, -1.00000000000000, 0.00000000000000 ) );
#2980 = DIRECTION( '', ( 0.00000000000000, 0.00000000000000, -1.00000000000000 ) );
#2981 = DIRECTION( '', ( 0.00000000000000, -1.00000000000000, 0.00000000000000 ) );
#2982 = DIRECTION( '', ( 0.00000000000000, 0.00000000000000, 1.00000000000000 ) );
#2983 = DIRECTION( '', ( 0.00000000000000, 0.00000000000000, -1.00000000000000 ) );
#2984 = DIRECTION( '', ( 0.00000000000000, -1.00000000000000, 0.00000000000000 ) );
#2985 = DIRECTION( '', ( 0.00000000000000, 0.00000000000000, -1.00000000000000 ) );
#2986 = DIRECTION( '', ( 0.00000000000000, -1.00000000000000, 0.00000000000000 ) );
#2987 = CARTESIAN_POINT( '', ( 1.26190000100000E-05, -0.00424218300001000, 0.0125315030000100 ) );
#2988 = DIRECTION( '', ( 0.00000000000000, 1.00000000000000, 0.00000000000000 ) );
#2989 = DIRECTION( '', ( 0.00000000000000, 0.00000000000000, -1.00000000000000 ) );
#2990 = CARTESIAN_POINT( '', ( 1.26190000100000E-05, -0.00424218300001000, 0.0125315030000100 ) );
#2991 = DIRECTION( '', ( 0.00000000000000, 1.00000000000000, 0.00000000000000 ) );
#2992 = DIRECTION( '', ( 0.00000000000000, 0.00000000000000, -1.00000000000000 ) );
#2993 = SURFACE_STYLE_FILL_AREA( #3609 );
#2994 = ORIENTED_EDGE( '', *, *, #797, .T. );
#2995 = ORIENTED_EDGE( '', *, *, #767, .F. );
#2996 = ORIENTED_EDGE( '', *, *, #293, .F. );
#2997 = ORIENTED_EDGE( '', *, *, #527, .T. );
#2998 = CARTESIAN_POINT( '', ( 0.00551261900000000, 0.0158078170000000, 3.15030000000000E-05 ) );
#2999 = DIRECTION( '', ( -8.64209673294581E-46, -1.11022302462500E-16, 1.00000000000000 ) );
#3000 = DIRECTION( '', ( 1.00000000000000, -7.78410872524000E-30, 6.22301527786114E-61 ) );
#3001 = SURFACE_STYLE_FILL_AREA( #3610 );
#3002 = ORIENTED_EDGE( '', *, *, #363, .T. );
#3003 = ORIENTED_EDGE( '', *, *, #487, .F. );
#3004 = ORIENTED_EDGE( '', *, *, #749, .F. );
#3005 = ORIENTED_EDGE( '', *, *, #475, .T. );
#3006 = CARTESIAN_POINT( '', ( -0.00348738100000000, 0.0108078170000000, 3.15030000000000E-05 ) );
#3007 = DIRECTION( '', ( -1.00000000000000, 1.22464679914700E-16, 8.67361737988400E-16 ) );
#3008 = DIRECTION( '', ( 1.22464679914700E-16, 1.00000000000000, 0.00000000000000 ) );
#3009 = DIRECTION( '', ( 0.00000000000000, 0.00000000000000, 1.00000000000000 ) );
#3010 = DIRECTION( '', ( -1.00000000000000, 0.00000000000000, 0.00000000000000 ) );
#3011 = CARTESIAN_POINT( '', ( 1.26190000100000E-05, 0.0103078170000100, -0.00346849700001000 ) );
#3012 = DIRECTION( '', ( 0.00000000000000, 1.00000000000000, 0.00000000000000 ) );
#3013 = DIRECTION( '', ( 1.00000000000000, 0.00000000000000, 0.00000000000000 ) );
#3014 = DIRECTION( '', ( -1.00000000000000, 0.00000000000000, 0.00000000000000 ) );
#3015 = SURFACE_STYLE_FILL_AREA( #3611 );
#3016 = ORIENTED_EDGE( '', *, *, #529, .T. );
#3017 = ORIENTED_EDGE( '', *, *, #301, .F. );
#3018 = ORIENTED_EDGE( '', *, *, #791, .F. );
#3019 = ORIENTED_EDGE( '', *, *, #635, .T. );
#3020 = CARTESIAN_POINT( '', ( -0.000487381000000000, 0.0158078170000000, -0.00346849700000000 ) );
#3021 = DIRECTION( '', ( 1.00000000000000, 3.03489078894359E-32, -2.47817639425300E-16 ) );
#3022 = DIRECTION( '', ( 1.09476442525376E-47, 1.00000000000000, 1.22464679914700E-16 ) );
#3023 = DIRECTION( '', ( -1.00000000000000, 0.00000000000000, 0.00000000000000 ) );
#3024 = DIRECTION( '', ( 0.00000000000000, -1.00000000000000, 0.00000000000000 ) );
#3025 = SURFACE_STYLE_FILL_AREA( #3612 );
#3026 = ORIENTED_EDGE( '', *, *, #749, .T. );
#3027 = ORIENTED_EDGE( '', *, *, #299, .T. );
#3028 = ORIENTED_EDGE( '', *, *, #793, .T. );
#3029 = ORIENTED_EDGE( '', *, *, #401, .T. );
#3030 = ORIENTED_EDGE( '', *, *, #699, .T. );
#3031 = ORIENTED_EDGE( '', *, *, #463, .T. );
#3032 = ORIENTED_EDGE( '', *, *, #419, .T. );
#3033 = ORIENTED_EDGE( '', *, *, #633, .T. );
#3034 = CARTESIAN_POINT( '', ( -0.00498738100000000, 0.0108078170000000, -0.00346849700000000 ) );
#3035 = DIRECTION( '', ( -1.22464679914700E-16, -1.00000000000000, -1.11022302462500E-16 ) );
#3036 = DIRECTION( '', ( -1.00000000000000, 1.22464679914700E-16, 0.00000000000000 ) );
#3037 = CARTESIAN_POINT( '', ( 1.26190000100000E-05, -0.00424218300001000, 0.0125315030000100 ) );
#3038 = DIRECTION( '', ( 0.00000000000000, 1.00000000000000, 0.00000000000000 ) );
#3039 = DIRECTION( '', ( 0.00000000000000, 0.00000000000000, -1.00000000000000 ) );
#3040 = SURFACE_STYLE_FILL_AREA( #3613 );
#3041 = ORIENTED_EDGE( '', *, *, #425, .T. );
#3042 = ORIENTED_EDGE( '', *, *, #293, .T. );
#3043 = ORIENTED_EDGE( '', *, *, #721, .T. );
#3044 = ORIENTED_EDGE( '', *, *, #569, .T. );
#3045 = ORIENTED_EDGE( '', *, *, #291, .T. );
#3046 = ORIENTED_EDGE( '', *, *, #741, .T. );
#3047 = ORIENTED_EDGE( '', *, *, #511, .T. );
#3048 = ORIENTED_EDGE( '', *, *, #729, .T. );
#3049 = CARTESIAN_POINT( '', ( 0.00501261900000000, 0.0158078170000000, -0.00346849700000000 ) );
#3050 = DIRECTION( '', ( -1.22464679914700E-16, -1.00000000000000, -1.11022302462500E-16 ) );
#3051 = DIRECTION( '', ( -1.00000000000000, 1.22464679914700E-16, 0.00000000000000 ) );
#3052 = DIRECTION( '', ( 1.00000000000000, 0.00000000000000, 0.00000000000000 ) );
#3053 = DIRECTION( '', ( 1.00000000000000, 0.00000000000000, 0.00000000000000 ) );
#3054 = CARTESIAN_POINT( '', ( 1.26190000100000E-05, 0.0108078170000100, -0.00346849700001000 ) );
#3055 = DIRECTION( '', ( 0.00000000000000, 1.00000000000000, 0.00000000000000 ) );
#3056 = DIRECTION( '', ( 1.00000000000000, 0.00000000000000, 0.00000000000000 ) );
#3057 = DIRECTION( '', ( -1.00000000000000, 0.00000000000000, 0.00000000000000 ) );
#3058 = DIRECTION( '', ( -1.00000000000000, 0.00000000000000, 0.00000000000000 ) );
#3059 = DIRECTION( '', ( 0.00000000000000, 0.00000000000000, -1.00000000000000 ) );
#3060 = DIRECTION( '', ( 0.00000000000000, 0.00000000000000, 1.00000000000000 ) );
#3061 = DIRECTION( '', ( -1.00000000000000, 0.00000000000000, 0.00000000000000 ) );
#3062 = DIRECTION( '', ( 0.00000000000000, 0.00000000000000, 1.00000000000000 ) );
#3063 = DIRECTION( '', ( 0.00000000000000, -1.00000000000000, 0.00000000000000 ) );
#3064 = SURFACE_STYLE_FILL_AREA( #3614 );
#3065 = ORIENTED_EDGE( '', *, *, #481, .T. );
#3066 = ORIENTED_EDGE( '', *, *, #447, .F. );
#3067 = CARTESIAN_POINT( '', ( 1.26190000000000E-05, -0.0182421830000000, 0.0125315030000000 ) );
#3068 = DIRECTION( '', ( 1.35963107344631E-32, 1.00000000000000, 1.11022302462500E-16 ) );
#3069 = DIRECTION( '', ( 1.00000000000000, 1.09476442525376E-47, -1.22464679914700E-16 ) );
#3070 = DIRECTION( '', ( 0.00000000000000, -1.00000000000000, 0.00000000000000 ) );
#3071 = CARTESIAN_POINT( '', ( 1.26190000100000E-05, -0.0182421830000100, 0.0125315030000100 ) );
#3072 = DIRECTION( '', ( 0.00000000000000, -1.00000000000000, 0.00000000000000 ) );
#3073 = DIRECTION( '', ( 0.00000000000000, 0.00000000000000, -1.00000000000000 ) );
#3074 = SURFACE_STYLE_FILL_AREA( #3615 );
#3075 = ORIENTED_EDGE( '', *, *, #525, .T. );
#3076 = ORIENTED_EDGE( '', *, *, #739, .F. );
#3077 = ORIENTED_EDGE( '', *, *, #493, .F. );
#3078 = ORIENTED_EDGE( '', *, *, #615, .T. );
#3079 = CARTESIAN_POINT( '', ( 0.00651261900000000, 0.0108078170000000, 3.15030000000000E-05 ) );
#3080 = DIRECTION( '', ( -1.00000000000000, 1.22464679914700E-16, 8.67361737988400E-16 ) );
#3081 = DIRECTION( '', ( 1.22464679914700E-16, 1.00000000000000, 0.00000000000000 ) );
#3082 = DIRECTION( '', ( 0.00000000000000, -1.00000000000000, 0.00000000000000 ) );
#3083 = DIRECTION( '', ( 0.00000000000000, -1.00000000000000, 0.00000000000000 ) );
#3084 = DIRECTION( '', ( 0.00000000000000, -1.00000000000000, 0.00000000000000 ) );
#3085 = DIRECTION( '', ( 0.00000000000000, 0.00000000000000, 1.00000000000000 ) );
#3086 = DIRECTION( '', ( 0.00000000000000, 0.00000000000000, -1.00000000000000 ) );
#3087 = DIRECTION( '', ( 0.00000000000000, 0.00000000000000, 1.00000000000000 ) );
#3088 = DIRECTION( '', ( 0.00000000000000, 0.00000000000000, 1.00000000000000 ) );
#3089 = DIRECTION( '', ( 0.00000000000000, 0.00000000000000, 1.00000000000000 ) );
#3090 = DIRECTION( '', ( -1.00000000000000, 0.00000000000000, 0.00000000000000 ) );
#3091 = DIRECTION( '', ( 0.00000000000000, -1.00000000000000, 0.00000000000000 ) );
#3092 = DIRECTION( '', ( 0.00000000000000, 0.00000000000000, -1.00000000000000 ) );
#3093 = SURFACE_STYLE_FILL_AREA( #3616 );
#3094 = ORIENTED_EDGE( '', *, *, #547, .T. );
#3095 = ORIENTED_EDGE( '', *, *, #503, .F. );
#3096 = ORIENTED_EDGE( '', *, *, #467, .F. );
#3097 = ORIENTED_EDGE( '', *, *, #549, .T. );
#3098 = CARTESIAN_POINT( '', ( 0.00731261900000000, 0.0182578170000000, 0.00817719478858500 ) );
#3099 = DIRECTION( '', ( -1.00000000000000, 1.22464679914700E-16, 1.21382472635300E-16 ) );
#3100 = DIRECTION( '', ( 1.21382472635300E-16, 0.00000000000000, 1.00000000000000 ) );
#3101 = DIRECTION( '', ( -1.00000000000000, 0.00000000000000, 0.00000000000000 ) );
#3102 = DIRECTION( '', ( 0.00000000000000, 0.00000000000000, 1.00000000000000 ) );
#3103 = DIRECTION( '', ( -1.00000000000000, 0.00000000000000, 0.00000000000000 ) );
#3104 = DIRECTION( '', ( 0.00000000000000, 1.00000000000000, 0.00000000000000 ) );
#3105 = SURFACE_STYLE_FILL_AREA( #3617 );
#3106 = ORIENTED_EDGE( '', *, *, #695, .F. );
#3107 = ORIENTED_EDGE( '', *, *, #361, .F. );
#3108 = ORIENTED_EDGE( '', *, *, #539, .F. );
#3109 = ORIENTED_EDGE( '', *, *, #481, .F. );
#3110 = CARTESIAN_POINT( '', ( 1.26190000000000E-05, -0.0177421830000000, 0.0125315030000000 ) );
#3111 = DIRECTION( '', ( 1.22464679914700E-16, 1.00000000000000, 1.11022302462500E-16 ) );
#3112 = DIRECTION( '', ( -7.78410872524000E-30, 1.11022302462500E-16, -1.00000000000000 ) );
#3113 = CARTESIAN_POINT( '', ( 0.00501261900001000, 0.0108078170000100, -0.00346849700001000 ) );
#3114 = DIRECTION( '', ( 0.00000000000000, 1.00000000000000, 0.00000000000000 ) );
#3115 = DIRECTION( '', ( 1.00000000000000, 0.00000000000000, 0.00000000000000 ) );
#3116 = DIRECTION( '', ( 0.00000000000000, -1.00000000000000, 0.00000000000000 ) );
#3117 = SURFACE_STYLE_FILL_AREA( #3618 );
#3118 = ORIENTED_EDGE( '', *, *, #409, .T. );
#3119 = ORIENTED_EDGE( '', *, *, #623, .F. );
#3120 = ORIENTED_EDGE( '', *, *, #721, .F. );
#3121 = ORIENTED_EDGE( '', *, *, #767, .T. );
#3122 = CARTESIAN_POINT( '', ( 0.00551261900000000, 0.0158078170000000, -0.00346849700000000 ) );
#3123 = DIRECTION( '', ( -1.00000000000000, 1.22464679914700E-16, 2.47817639425300E-16 ) );
#3124 = DIRECTION( '', ( 1.22464679914700E-16, 1.00000000000000, 0.00000000000000 ) );
#3125 = DIRECTION( '', ( 0.00000000000000, 0.00000000000000, -1.00000000000000 ) );
#3126 = DIRECTION( '', ( 0.00000000000000, -1.00000000000000, 0.00000000000000 ) );
#3127 = DIRECTION( '', ( 0.00000000000000, 0.00000000000000, 1.00000000000000 ) );
#3128 = DIRECTION( '', ( -1.00000000000000, 0.00000000000000, 0.00000000000000 ) );
#3129 = DIRECTION( '', ( 0.00000000000000, -1.00000000000000, 0.00000000000000 ) );
#3130 = DIRECTION( '', ( 1.00000000000000, 0.00000000000000, 0.00000000000000 ) );
#3131 = CARTESIAN_POINT( '', ( 1.26190000100000E-05, 0.000257817000010000, 0.0125315030000100 ) );
#3132 = DIRECTION( '', ( 0.00000000000000, 1.00000000000000, 0.00000000000000 ) );
#3133 = DIRECTION( '', ( 0.00000000000000, 0.00000000000000, -1.00000000000000 ) );
#3134 = DIRECTION( '', ( -1.00000000000000, 0.00000000000000, 0.00000000000000 ) );
#3135 = SURFACE_STYLE_FILL_AREA( #3619 );
#3136 = ORIENTED_EDGE( '', *, *, #501, .T. );
#3137 = ORIENTED_EDGE( '', *, *, #521, .F. );
#3138 = ORIENTED_EDGE( '', *, *, #463, .F. );
#3139 = ORIENTED_EDGE( '', *, *, #305, .T. );
#3140 = CARTESIAN_POINT( '', ( -0.00548738100000000, 0.0108078170000000, 3.15030000000000E-05 ) );
#3141 = DIRECTION( '', ( -8.64209673294581E-46, -1.11022302462500E-16, 1.00000000000000 ) );
#3142 = DIRECTION( '', ( 1.00000000000000, -7.78410872524000E-30, 6.22301527786114E-61 ) );
#3143 = DIRECTION( '', ( 0.00000000000000, -1.00000000000000, 0.00000000000000 ) );
#3144 = DIRECTION( '', ( 0.00000000000000, 0.00000000000000, -1.00000000000000 ) );
#3145 = DIRECTION( '', ( 0.00000000000000, -1.00000000000000, 0.00000000000000 ) );
#3146 = CARTESIAN_POINT( '', ( 1.26190000100000E-05, 0.000257817000010000, 0.0125315030000100 ) );
#3147 = DIRECTION( '', ( 0.00000000000000, 1.00000000000000, 0.00000000000000 ) );
#3148 = DIRECTION( '', ( 0.00000000000000, 0.00000000000000, -1.00000000000000 ) );
#3149 = CARTESIAN_POINT( '', ( -0.00498738100001000, 0.0103078170000100, -0.00346849700001000 ) );
#3150 = DIRECTION( '', ( 0.00000000000000, 1.00000000000000, 0.00000000000000 ) );
#3151 = DIRECTION( '', ( 1.00000000000000, 0.00000000000000, 0.00000000000000 ) );
#3152 = DIRECTION( '', ( 0.00000000000000, 0.00000000000000, -1.00000000000000 ) );
#3153 = DIRECTION( '', ( 0.00000000000000, 0.00000000000000, -1.00000000000000 ) );
#3154 = DIRECTION( '', ( 0.00000000000000, -1.00000000000000, 0.00000000000000 ) );
#3155 = DIRECTION( '', ( 0.00000000000000, 1.00000000000000, 0.00000000000000 ) );
#3156 = DIRECTION( '', ( 0.00000000000000, 0.00000000000000, 1.00000000000000 ) );
#3157 = DIRECTION( '', ( 1.00000000000000, 0.00000000000000, 0.00000000000000 ) );
#3158 = SURFACE_STYLE_FILL_AREA( #3620 );
#3159 = ORIENTED_EDGE( '', *, *, #805, .T. );
#3160 = ORIENTED_EDGE( '', *, *, #533, .F. );
#3161 = ORIENTED_EDGE( '', *, *, #661, .F. );
#3162 = ORIENTED_EDGE( '', *, *, #719, .T. );
#3163 = CARTESIAN_POINT( '', ( -0.00728738100000000, 0.0182578170000000, 0.00103150300000000 ) );
#3164 = DIRECTION( '', ( 1.00000000000000, -1.22464679914700E-16, -1.48650656585368E-32 ) );
#3165 = DIRECTION( '', ( -2.73691106313441E-48, -1.21382472635300E-16, 1.00000000000000 ) );
#3166 = CARTESIAN_POINT( '', ( 0.00501261900001000, 0.0158078170000100, -0.00346849700001000 ) );
#3167 = DIRECTION( '', ( 0.00000000000000, 1.00000000000000, 0.00000000000000 ) );
#3168 = DIRECTION( '', ( 1.00000000000000, 0.00000000000000, 0.00000000000000 ) );
#3169 = SURFACE_STYLE_FILL_AREA( #3621 );
#3170 = ORIENTED_EDGE( '', *, *, #349, .T. );
#3171 = ORIENTED_EDGE( '', *, *, #485, .F. );
#3172 = ORIENTED_EDGE( '', *, *, #607, .F. );
#3173 = ORIENTED_EDGE( '', *, *, #427, .T. );
#3174 = CARTESIAN_POINT( '', ( 0.00451261900000000, 0.0108078170000000, 3.15030000000000E-05 ) );
#3175 = DIRECTION( '', ( -8.64209673294581E-46, -1.11022302462500E-16, 1.00000000000000 ) );
#3176 = DIRECTION( '', ( 1.00000000000000, -7.78410872524000E-30, 6.22301527786114E-61 ) );
#3177 = DIRECTION( '', ( 1.00000000000000, 0.00000000000000, 0.00000000000000 ) );
#3178 = SURFACE_STYLE_FILL_AREA( #3622 );
#3179 = ORIENTED_EDGE( '', *, *, #763, .T. );
#3180 = ORIENTED_EDGE( '', *, *, #537, .T. );
#3181 = CARTESIAN_POINT( '', ( 1.26190000000000E-05, 0.0125078170000000, 0.0125315030000000 ) );
#3182 = DIRECTION( '', ( -1.22464679914700E-16, -1.00000000000000, -1.11022302462500E-16 ) );
#3183 = DIRECTION( '', ( -7.78410872524000E-30, 1.11022302462500E-16, -1.00000000000000 ) );
#3184 = SURFACE_STYLE_FILL_AREA( #3623 );
#3185 = ORIENTED_EDGE( '', *, *, #367, .T. );
#3186 = ORIENTED_EDGE( '', *, *, #417, .F. );
#3187 = ORIENTED_EDGE( '', *, *, #419, .F. );
#3188 = ORIENTED_EDGE( '', *, *, #521, .T. );
#3189 = CARTESIAN_POINT( '', ( -0.00648738100000000, 0.0108078170000000, 3.15030000000000E-05 ) );
#3190 = DIRECTION( '', ( 1.00000000000000, -1.22464679914699E-16, -1.06221177613007E-31 ) );
#3191 = DIRECTION( '', ( 2.18952885050753E-47, -8.67361737988400E-16, 1.00000000000000 ) );
#3192 = SURFACE_STYLE_FILL_AREA( #3624 );
#3193 = ORIENTED_EDGE( '', *, *, #361, .T. );
#3194 = ORIENTED_EDGE( '', *, *, #515, .T. );
#3195 = ORIENTED_EDGE( '', *, *, #429, .F. );
#3196 = ORIENTED_EDGE( '', *, *, #545, .T. );
#3197 = CARTESIAN_POINT( '', ( 1.26190000000000E-05, 0.0125078170000000, 0.0125315030000000 ) );
#3198 = DIRECTION( '', ( -1.22464679914700E-16, -1.00000000000000, -1.11022302462500E-16 ) );
#3199 = DIRECTION( '', ( -7.78410872524000E-30, 1.11022302462500E-16, -1.00000000000000 ) );
#3200 = SURFACE_STYLE_FILL_AREA( #3625 );
#3201 = ORIENTED_EDGE( '', *, *, #347, .T. );
#3202 = ORIENTED_EDGE( '', *, *, #561, .T. );
#3203 = ORIENTED_EDGE( '', *, *, #431, .F. );
#3204 = ORIENTED_EDGE( '', *, *, #479, .T. );
#3205 = CARTESIAN_POINT( '', ( 1.26190000000000E-05, 0.0125078170000000, 0.0125315030000000 ) );
#3206 = DIRECTION( '', ( -1.22464679914700E-16, -1.00000000000000, -1.11022302462500E-16 ) );
#3207 = DIRECTION( '', ( -7.78410872524000E-30, 1.11022302462500E-16, -1.00000000000000 ) );
#3208 = SURFACE_STYLE_FILL_AREA( #3626 );
#3209 = ORIENTED_EDGE( '', *, *, #421, .F. );
#3210 = ORIENTED_EDGE( '', *, *, #685, .F. );
#3211 = ORIENTED_EDGE( '', *, *, #495, .F. );
#3212 = ORIENTED_EDGE( '', *, *, #513, .F. );
#3213 = ORIENTED_EDGE( '', *, *, #473, .F. );
#3214 = ORIENTED_EDGE( '', *, *, #689, .F. );
#3215 = ORIENTED_EDGE( '', *, *, #505, .F. );
#3216 = ORIENTED_EDGE( '', *, *, #333, .F. );
#3217 = CARTESIAN_POINT( '', ( -0.00498738100000000, 0.0153078170000000, -0.00346849700000000 ) );
#3218 = DIRECTION( '', ( -1.22464679914700E-16, -1.00000000000000, -1.11022302462500E-16 ) );
#3219 = DIRECTION( '', ( -1.00000000000000, 1.22464679914700E-16, 0.00000000000000 ) );
#3220 = DIRECTION( '', ( -1.00000000000000, 0.00000000000000, 0.00000000000000 ) );
#3221 = DIRECTION( '', ( 0.00000000000000, 0.00000000000000, 1.00000000000000 ) );
#3222 = SURFACE_STYLE_FILL_AREA( #3627 );
#3223 = ORIENTED_EDGE( '', *, *, #411, .T. );
#3224 = ORIENTED_EDGE( '', *, *, #673, .F. );
#3225 = ORIENTED_EDGE( '', *, *, #299, .F. );
#3226 = ORIENTED_EDGE( '', *, *, #487, .T. );
#3227 = CARTESIAN_POINT( '', ( -0.00448738100000000, 0.0108078170000000, 3.15030000000000E-05 ) );
#3228 = DIRECTION( '', ( -8.64209673294581E-46, -1.11022302462500E-16, 1.00000000000000 ) );
#3229 = DIRECTION( '', ( 1.00000000000000, -7.78410872524000E-30, 6.22301527786114E-61 ) );
#3230 = DIRECTION( '', ( 0.00000000000000, 0.00000000000000, -1.00000000000000 ) );
#3231 = DIRECTION( '', ( 0.00000000000000, -1.00000000000000, 0.00000000000000 ) );
#3232 = DIRECTION( '', ( 0.00000000000000, -1.00000000000000, 0.00000000000000 ) );
#3233 = CARTESIAN_POINT( '', ( 1.26190000100000E-05, 0.0182578170000100, 0.0125315030000100 ) );
#3234 = DIRECTION( '', ( 0.00000000000000, 1.00000000000000, 0.00000000000000 ) );
#3235 = DIRECTION( '', ( -1.00000000000000, 0.00000000000000, 0.00000000000000 ) );
#3236 = SURFACE_STYLE_FILL_AREA( #3628 );
#3237 = ORIENTED_EDGE( '', *, *, #709, .T. );
#3238 = ORIENTED_EDGE( '', *, *, #683, .T. );
#3239 = ORIENTED_EDGE( '', *, *, #655, .T. );
#3240 = ORIENTED_EDGE( '', *, *, #405, .T. );
#3241 = ORIENTED_EDGE( '', *, *, #791, .T. );
#3242 = ORIENTED_EDGE( '', *, *, #471, .T. );
#3243 = ORIENTED_EDGE( '', *, *, #329, .T. );
#3244 = ORIENTED_EDGE( '', *, *, #681, .T. );
#3245 = CARTESIAN_POINT( '', ( 1.26190000000000E-05, 0.0158078170000000, -0.00346849700000000 ) );
#3246 = DIRECTION( '', ( -1.22464679914700E-16, -1.00000000000000, -1.11022302462500E-16 ) );
#3247 = DIRECTION( '', ( -1.00000000000000, 1.22464679914700E-16, 0.00000000000000 ) );
#3248 = SURFACE_STYLE_FILL_AREA( #3629 );
#3249 = ORIENTED_EDGE( '', *, *, #317, .T. );
#3250 = ORIENTED_EDGE( '', *, *, #777, .F. );
#3251 = ORIENTED_EDGE( '', *, *, #437, .F. );
#3252 = ORIENTED_EDGE( '', *, *, #593, .T. );
#3253 = CARTESIAN_POINT( '', ( -0.000487381000000000, 0.0108078170000000, -0.00346849700000000 ) );
#3254 = DIRECTION( '', ( 1.00000000000000, 3.03489078894359E-32, -2.47817639425300E-16 ) );
#3255 = DIRECTION( '', ( 1.09476442525376E-47, 1.00000000000000, 1.22464679914700E-16 ) );
#3256 = SURFACE_STYLE_FILL_AREA( #3630 );
#3257 = ORIENTED_EDGE( '', *, *, #661, .T. );
#3258 = ORIENTED_EDGE( '', *, *, #597, .T. );
#3259 = ORIENTED_EDGE( '', *, *, #467, .T. );
#3260 = ORIENTED_EDGE( '', *, *, #407, .T. );
#3261 = CARTESIAN_POINT( '', ( 1.26190000000000E-05, 0.0182578170000000, 0.0125315030000000 ) );
#3262 = DIRECTION( '', ( 1.35963107344631E-32, 1.00000000000000, 1.11022302462500E-16 ) );
#3263 = DIRECTION( '', ( 1.00000000000000, 1.09476442525376E-47, -1.22464679914700E-16 ) );
#3264 = DIRECTION( '', ( 0.00000000000000, 0.00000000000000, 1.00000000000000 ) );
#3265 = DIRECTION( '', ( -1.00000000000000, 0.00000000000000, 0.00000000000000 ) );
#3266 = SURFACE_STYLE_FILL_AREA( #3631 );
#3267 = ORIENTED_EDGE( '', *, *, #379, .T. );
#3268 = ORIENTED_EDGE( '', *, *, #305, .F. );
#3269 = ORIENTED_EDGE( '', *, *, #699, .F. );
#3270 = ORIENTED_EDGE( '', *, *, #769, .T. );
#3271 = CARTESIAN_POINT( '', ( -0.00548738100000000, 0.0108078170000000, -0.00346849700000000 ) );
#3272 = DIRECTION( '', ( 1.00000000000000, 3.03489078894359E-32, -2.47817639425300E-16 ) );
#3273 = DIRECTION( '', ( 1.09476442525376E-47, 1.00000000000000, 1.22464679914700E-16 ) );
#3274 = SURFACE_STYLE_FILL_AREA( #3632 );
#3275 = ORIENTED_EDGE( '', *, *, #525, .F. );
#3276 = ORIENTED_EDGE( '', *, *, #353, .F. );
#3277 = ORIENTED_EDGE( '', *, *, #497, .F. );
#3278 = ORIENTED_EDGE( '', *, *, #349, .F. );
#3279 = ORIENTED_EDGE( '', *, *, #785, .F. );
#3280 = ORIENTED_EDGE( '', *, *, #619, .F. );
#3281 = ORIENTED_EDGE( '', *, *, #801, .F. );
#3282 = ORIENTED_EDGE( '', *, *, #659, .F. );
#3283 = CARTESIAN_POINT( '', ( 0.00501261900000000, 0.0103078170000000, -0.00346849700000000 ) );
#3284 = DIRECTION( '', ( -1.22464679914700E-16, -1.00000000000000, -1.11022302462500E-16 ) );
#3285 = DIRECTION( '', ( -1.00000000000000, 1.22464679914700E-16, 0.00000000000000 ) );
#3286 = SURFACE_STYLE_FILL_AREA( #3633 );
#3287 = ORIENTED_EDGE( '', *, *, #541, .T. );
#3288 = ORIENTED_EDGE( '', *, *, #373, .F. );
#3289 = ORIENTED_EDGE( '', *, *, #741, .F. );
#3290 = ORIENTED_EDGE( '', *, *, #725, .T. );
#3291 = CARTESIAN_POINT( '', ( 0.00451261900000000, 0.0158078170000000, 3.15030000000000E-05 ) );
#3292 = DIRECTION( '', ( -8.64209673294581E-46, -1.11022302462500E-16, 1.00000000000000 ) );
#3293 = DIRECTION( '', ( 1.00000000000000, -7.78410872524000E-30, 6.22301527786114E-61 ) );
#3294 = DIRECTION( '', ( 0.00000000000000, -1.00000000000000, 0.00000000000000 ) );
#3295 = DIRECTION( '', ( 0.00000000000000, -1.00000000000000, 0.00000000000000 ) );
#3296 = CARTESIAN_POINT( '', ( 0.00501261900001000, 0.0103078170000100, -0.00346849700001000 ) );
#3297 = DIRECTION( '', ( 0.00000000000000, 1.00000000000000, 0.00000000000000 ) );
#3298 = DIRECTION( '', ( 1.00000000000000, 0.00000000000000, 0.00000000000000 ) );
#3299 = DIRECTION( '', ( 0.00000000000000, 0.00000000000000, -1.00000000000000 ) );
#3300 = DIRECTION( '', ( 0.00000000000000, -1.00000000000000, 0.00000000000000 ) );
#3301 = DIRECTION( '', ( 0.00000000000000, 0.00000000000000, -1.00000000000000 ) );
#3302 = DIRECTION( '', ( 0.00000000000000, -1.00000000000000, 0.00000000000000 ) );
#3303 = SURFACE_STYLE_FILL_AREA( #3634 );
#3304 = ORIENTED_EDGE( '', *, *, #333, .T. );
#3305 = ORIENTED_EDGE( '', *, *, #799, .F. );
#3306 = ORIENTED_EDGE( '', *, *, #439, .F. );
#3307 = ORIENTED_EDGE( '', *, *, #355, .T. );
#3308 = CARTESIAN_POINT( '', ( -0.00448738100000000, 0.0158078170000000, 3.15030000000000E-05 ) );
#3309 = DIRECTION( '', ( -8.64209673294581E-46, -1.11022302462500E-16, 1.00000000000000 ) );
#3310 = DIRECTION( '', ( 1.00000000000000, -7.78410872524000E-30, 6.22301527786114E-61 ) );
#3311 = DIRECTION( '', ( 1.00000000000000, 0.00000000000000, 0.00000000000000 ) );
#3312 = DIRECTION( '', ( 0.00000000000000, -1.00000000000000, 0.00000000000000 ) );
#3313 = DIRECTION( '', ( -1.00000000000000, 0.00000000000000, 0.00000000000000 ) );
#3314 = DIRECTION( '', ( 0.00000000000000, -1.00000000000000, 0.00000000000000 ) );
#3315 = SURFACE_STYLE_FILL_AREA( #3635 );
#3316 = ORIENTED_EDGE( '', *, *, #701, .F. );
#3317 = ORIENTED_EDGE( '', *, *, #325, .F. );
#3318 = ORIENTED_EDGE( '', *, *, #605, .F. );
#3319 = ORIENTED_EDGE( '', *, *, #541, .F. );
#3320 = ORIENTED_EDGE( '', *, *, #469, .F. );
#3321 = ORIENTED_EDGE( '', *, *, #735, .F. );
#3322 = ORIENTED_EDGE( '', *, *, #409, .F. );
#3323 = ORIENTED_EDGE( '', *, *, #797, .F. );
#3324 = CARTESIAN_POINT( '', ( 0.00501261900000000, 0.0153078170000000, -0.00346849700000000 ) );
#3325 = DIRECTION( '', ( -1.22464679914700E-16, -1.00000000000000, -1.11022302462500E-16 ) );
#3326 = DIRECTION( '', ( -1.00000000000000, 1.22464679914700E-16, 0.00000000000000 ) );
#3327 = DIRECTION( '', ( 0.00000000000000, -1.00000000000000, 0.00000000000000 ) );
#3328 = CARTESIAN_POINT( '', ( -0.00498738100001000, 0.0158078170000100, -0.00346849700001000 ) );
#3329 = DIRECTION( '', ( 0.00000000000000, 1.00000000000000, 0.00000000000000 ) );
#3330 = DIRECTION( '', ( 1.00000000000000, 0.00000000000000, 0.00000000000000 ) );
#3331 = SURFACE_STYLE_FILL_AREA( #3636 );
#3332 = ORIENTED_EDGE( '', *, *, #605, .T. );
#3333 = ORIENTED_EDGE( '', *, *, #627, .F. );
#3334 = ORIENTED_EDGE( '', *, *, #511, .F. );
#3335 = ORIENTED_EDGE( '', *, *, #373, .T. );
#3336 = CARTESIAN_POINT( '', ( 0.00351261900000000, 0.0158078170000000, 3.15030000000000E-05 ) );
#3337 = DIRECTION( '', ( 1.00000000000000, -1.22464679914700E-16, -5.31105888065036E-32 ) );
#3338 = DIRECTION( '', ( 4.37905770101505E-47, -4.33680868994200E-16, 1.00000000000000 ) );
#3339 = DIRECTION( '', ( 0.00000000000000, -1.00000000000000, 0.00000000000000 ) );
#3340 = SURFACE_STYLE_FILL_AREA( #3637 );
#3341 = ORIENTED_EDGE( '', *, *, #473, .T. );
#3342 = ORIENTED_EDGE( '', *, *, #693, .F. );
#3343 = ORIENTED_EDGE( '', *, *, #331, .F. );
#3344 = ORIENTED_EDGE( '', *, *, #639, .T. );
#3345 = CARTESIAN_POINT( '', ( -0.00548738100000000, 0.0158078170000000, -0.00346849700000000 ) );
#3346 = DIRECTION( '', ( 1.00000000000000, 3.03489078894359E-32, -2.47817639425300E-16 ) );
#3347 = DIRECTION( '', ( 1.09476442525376E-47, 1.00000000000000, 1.22464679914700E-16 ) );
#3348 = SURFACE_STYLE_FILL_AREA( #3638 );
#3349 = ORIENTED_EDGE( '', *, *, #555, .T. );
#3350 = ORIENTED_EDGE( '', *, *, #807, .F. );
#3351 = ORIENTED_EDGE( '', *, *, #793, .F. );
#3352 = ORIENTED_EDGE( '', *, *, #673, .T. );
#3353 = CARTESIAN_POINT( '', ( -0.00448738100000000, 0.0108078170000000, -0.00346849700000000 ) );
#3354 = DIRECTION( '', ( -1.00000000000000, 1.22464679914700E-16, 2.47817639425300E-16 ) );
#3355 = DIRECTION( '', ( 1.22464679914700E-16, 1.00000000000000, 0.00000000000000 ) );
#3356 = DIRECTION( '', ( 0.00000000000000, 0.00000000000000, -1.00000000000000 ) );
#3357 = DIRECTION( '', ( 1.00000000000000, 0.00000000000000, 0.00000000000000 ) );
#3358 = DIRECTION( '', ( -1.00000000000000, 0.00000000000000, 0.00000000000000 ) );
#3359 = DIRECTION( '', ( 0.00000000000000, 0.00000000000000, 1.00000000000000 ) );
#3360 = DIRECTION( '', ( 0.00000000000000, 0.00000000000000, -1.00000000000000 ) );
#3361 = DIRECTION( '', ( -1.00000000000000, 0.00000000000000, 0.00000000000000 ) );
#3362 = SURFACE_STYLE_FILL_AREA( #3639 );
#3363 = ORIENTED_EDGE( '', *, *, #351, .T. );
#3364 = ORIENTED_EDGE( '', *, *, #439, .T. );
#3365 = ORIENTED_EDGE( '', *, *, #717, .T. );
#3366 = ORIENTED_EDGE( '', *, *, #645, .T. );
#3367 = ORIENTED_EDGE( '', *, *, #331, .T. );
#3368 = ORIENTED_EDGE( '', *, *, #319, .T. );
#3369 = ORIENTED_EDGE( '', *, *, #491, .T. );
#3370 = ORIENTED_EDGE( '', *, *, #565, .T. );
#3371 = CARTESIAN_POINT( '', ( -0.00498738100000000, 0.0158078170000000, -0.00346849700000000 ) );
#3372 = DIRECTION( '', ( -1.22464679914700E-16, -1.00000000000000, -1.11022302462500E-16 ) );
#3373 = DIRECTION( '', ( -1.00000000000000, 1.22464679914700E-16, 0.00000000000000 ) );
#3374 = DIRECTION( '', ( 0.00000000000000, -1.00000000000000, 0.00000000000000 ) );
#3375 = CARTESIAN_POINT( '', ( 1.26190000100000E-05, -0.00199218300001000, 0.0125315030000100 ) );
#3376 = DIRECTION( '', ( 0.00000000000000, 1.00000000000000, 0.00000000000000 ) );
#3377 = DIRECTION( '', ( -1.00000000000000, 0.00000000000000, 0.00000000000000 ) );
#3378 = DIRECTION( '', ( 0.00000000000000, -1.00000000000000, 0.00000000000000 ) );
#3379 = SURFACE_STYLE_FILL_AREA( #3640 );
#3380 = ORIENTED_EDGE( '', *, *, #431, .T. );
#3381 = ORIENTED_EDGE( '', *, *, #535, .T. );
#3382 = ORIENTED_EDGE( '', *, *, #789, .F. );
#3383 = ORIENTED_EDGE( '', *, *, #573, .T. );
#3384 = CARTESIAN_POINT( '', ( 1.26190000000000E-05, -0.00424218300000000, 0.0155315030000000 ) );
#3385 = DIRECTION( '', ( -1.22464679914700E-16, -1.00000000000000, -1.11022302462500E-16 ) );
#3386 = DIRECTION( '', ( -1.00000000000000, 1.22464679914700E-16, 0.00000000000000 ) );
#3387 = SURFACE_STYLE_FILL_AREA( #3641 );
#3388 = ORIENTED_EDGE( '', *, *, #763, .F. );
#3389 = ORIENTED_EDGE( '', *, *, #687, .F. );
#3390 = ORIENTED_EDGE( '', *, *, #805, .F. );
#3391 = ORIENTED_EDGE( '', *, *, #585, .F. );
#3392 = ORIENTED_EDGE( '', *, *, #547, .F. );
#3393 = CARTESIAN_POINT( '', ( 1.26190000000000E-05, 0.00675781700000000, 0.0125315030000000 ) );
#3394 = DIRECTION( '', ( 1.35963107344631E-32, 1.00000000000000, 1.11022302462500E-16 ) );
#3395 = DIRECTION( '', ( 1.00000000000000, 1.09476442525376E-47, -1.22464679914700E-16 ) );
#3396 = DIRECTION( '', ( 0.00000000000000, 1.00000000000000, 0.00000000000000 ) );
#3397 = DIRECTION( '', ( 1.00000000000000, 0.00000000000000, 0.00000000000000 ) );
#3398 = DIRECTION( '', ( -1.00000000000000, 0.00000000000000, 0.00000000000000 ) );
#3399 = DIRECTION( '', ( 1.00000000000000, 0.00000000000000, 0.00000000000000 ) );
#3400 = CARTESIAN_POINT( '', ( 1.26190000100000E-05, 0.00675781700001000, 0.0125315030000100 ) );
#3401 = DIRECTION( '', ( 0.00000000000000, 1.00000000000000, 0.00000000000000 ) );
#3402 = DIRECTION( '', ( -1.00000000000000, 0.00000000000000, 0.00000000000000 ) );
#3403 = CARTESIAN_POINT( '', ( -0.00498738100001000, 0.0153078170000100, -0.00346849700001000 ) );
#3404 = DIRECTION( '', ( 0.00000000000000, 1.00000000000000, 0.00000000000000 ) );
#3405 = DIRECTION( '', ( 1.00000000000000, 0.00000000000000, 0.00000000000000 ) );
#3406 = DIRECTION( '', ( -1.00000000000000, 0.00000000000000, 0.00000000000000 ) );
#3407 = DIRECTION( '', ( 0.00000000000000, -1.00000000000000, 0.00000000000000 ) );
#3408 = DIRECTION( '', ( 0.00000000000000, -1.00000000000000, 0.00000000000000 ) );
#3409 = DIRECTION( '', ( 0.00000000000000, 0.00000000000000, 1.00000000000000 ) );
#3410 = DIRECTION( '', ( 0.00000000000000, 0.00000000000000, -1.00000000000000 ) );
#3411 = DIRECTION( '', ( 0.00000000000000, -1.00000000000000, 0.00000000000000 ) );
#3412 = SURFACE_STYLE_FILL_AREA( #3642 );
#3413 = ORIENTED_EDGE( '', *, *, #761, .T. );
#3414 = ORIENTED_EDGE( '', *, *, #643, .F. );
#3415 = ORIENTED_EDGE( '', *, *, #329, .F. );
#3416 = ORIENTED_EDGE( '', *, *, #795, .T. );
#3417 = CARTESIAN_POINT( '', ( -0.00148738100000000, 0.0158078170000000, 3.15030000000000E-05 ) );
#3418 = DIRECTION( '', ( 1.00000000000000, -1.22464679914700E-16, -5.31105888065036E-32 ) );
#3419 = DIRECTION( '', ( 4.37905770101505E-47, -4.33680868994200E-16, 1.00000000000000 ) );
#3420 = SURFACE_STYLE_FILL_AREA( #3643 );
#3421 = ORIENTED_EDGE( '', *, *, #659, .T. );
#3422 = ORIENTED_EDGE( '', *, *, #703, .F. );
#3423 = ORIENTED_EDGE( '', *, *, #443, .F. );
#3424 = ORIENTED_EDGE( '', *, *, #739, .T. );
#3425 = CARTESIAN_POINT( '', ( 0.00551261900000000, 0.0108078170000000, 3.15030000000000E-05 ) );
#3426 = DIRECTION( '', ( -8.64209673294581E-46, -1.11022302462500E-16, 1.00000000000000 ) );
#3427 = DIRECTION( '', ( 1.00000000000000, -7.78410872524000E-30, 6.22301527786114E-61 ) );
#3428 = DIRECTION( '', ( 0.00000000000000, 0.00000000000000, -1.00000000000000 ) );
#3429 = DIRECTION( '', ( 0.00000000000000, -1.00000000000000, 0.00000000000000 ) );
#3430 = SURFACE_STYLE_FILL_AREA( #3644 );
#3431 = ORIENTED_EDGE( '', *, *, #497, .T. );
#3432 = ORIENTED_EDGE( '', *, *, #423, .F. );
#3433 = ORIENTED_EDGE( '', *, *, #587, .F. );
#3434 = ORIENTED_EDGE( '', *, *, #485, .T. );
#3435 = CARTESIAN_POINT( '', ( 0.00351261900000000, 0.0108078170000000, 3.15030000000000E-05 ) );
#3436 = DIRECTION( '', ( 1.00000000000000, -1.22464679914700E-16, -5.31105888065036E-32 ) );
#3437 = DIRECTION( '', ( 4.37905770101505E-47, -4.33680868994200E-16, 1.00000000000000 ) );
#3438 = DIRECTION( '', ( -1.00000000000000, 0.00000000000000, 0.00000000000000 ) );
#3439 = DIRECTION( '', ( 0.00000000000000, 0.00000000000000, -1.00000000000000 ) );
#3440 = DIRECTION( '', ( 0.00000000000000, -1.00000000000000, 0.00000000000000 ) );
#3441 = DIRECTION( '', ( 0.00000000000000, 0.00000000000000, -1.00000000000000 ) );
#3442 = DIRECTION( '', ( 0.00000000000000, -1.00000000000000, 0.00000000000000 ) );
#3443 = DIRECTION( '', ( 0.00000000000000, -1.00000000000000, 0.00000000000000 ) );
#3444 = DIRECTION( '', ( 0.00000000000000, -1.00000000000000, 0.00000000000000 ) );
#3445 = DIRECTION( '', ( 1.00000000000000, 0.00000000000000, 0.00000000000000 ) );
#3446 = SURFACE_STYLE_FILL_AREA( #3645 );
#3447 = ORIENTED_EDGE( '', *, *, #499, .T. );
#3448 = ORIENTED_EDGE( '', *, *, #559, .F. );
#3449 = ORIENTED_EDGE( '', *, *, #563, .F. );
#3450 = ORIENTED_EDGE( '', *, *, #669, .T. );
#3451 = CARTESIAN_POINT( '', ( -0.00148738100000000, 0.0108078170000000, 3.15030000000000E-05 ) );
#3452 = DIRECTION( '', ( 1.00000000000000, -1.22464679914700E-16, -5.31105888065036E-32 ) );
#3453 = DIRECTION( '', ( 4.37905770101505E-47, -4.33680868994200E-16, 1.00000000000000 ) );
#3454 = SURFACE_STYLE_FILL_AREA( #3646 );
#3455 = ORIENTED_EDGE( '', *, *, #505, .T. );
#3456 = ORIENTED_EDGE( '', *, *, #449, .F. );
#3457 = ORIENTED_EDGE( '', *, *, #717, .F. );
#3458 = ORIENTED_EDGE( '', *, *, #799, .T. );
#3459 = CARTESIAN_POINT( '', ( -0.00448738100000000, 0.0158078170000000, -0.00346849700000000 ) );
#3460 = DIRECTION( '', ( -1.00000000000000, 1.22464679914700E-16, 2.47817639425300E-16 ) );
#3461 = DIRECTION( '', ( 1.22464679914700E-16, 1.00000000000000, 0.00000000000000 ) );
#3462 = CARTESIAN_POINT( '', ( 0.00501261900001000, 0.0153078170000100, -0.00346849700001000 ) );
#3463 = DIRECTION( '', ( 0.00000000000000, 1.00000000000000, 0.00000000000000 ) );
#3464 = DIRECTION( '', ( 1.00000000000000, 0.00000000000000, 0.00000000000000 ) );
#3465 = SURFACE_STYLE_FILL_AREA( #3647 );
#3466 = ORIENTED_EDGE( '', *, *, #415, .F. );
#3467 = ORIENTED_EDGE( '', *, *, #747, .F. );
#3468 = ORIENTED_EDGE( '', *, *, #347, .F. );
#3469 = ORIENTED_EDGE( '', *, *, #631, .F. );
#3470 = CARTESIAN_POINT( '', ( 1.26190000000000E-05, -0.0177421830000000, 0.0125315030000000 ) );
#3471 = DIRECTION( '', ( 1.22464679914700E-16, 1.00000000000000, 1.11022302462500E-16 ) );
#3472 = DIRECTION( '', ( -7.78410872524000E-30, 1.11022302462500E-16, -1.00000000000000 ) );
#3473 = DIRECTION( '', ( 0.00000000000000, -1.00000000000000, 0.00000000000000 ) );
#3474 = DIRECTION( '', ( -1.00000000000000, 0.00000000000000, 0.00000000000000 ) );
#3475 = DIRECTION( '', ( -1.00000000000000, 0.00000000000000, 0.00000000000000 ) );
#3476 = SURFACE_STYLE_FILL_AREA( #3648 );
#3477 = ORIENTED_EDGE( '', *, *, #323, .T. );
#3478 = ORIENTED_EDGE( '', *, *, #617, .F. );
#3479 = ORIENTED_EDGE( '', *, *, #663, .F. );
#3480 = ORIENTED_EDGE( '', *, *, #649, .T. );
#3481 = CARTESIAN_POINT( '', ( 0.00151261900000000, 0.0108078170000000, 3.15030000000000E-05 ) );
#3482 = DIRECTION( '', ( -1.00000000000000, 1.22464679914700E-16, 8.67361737988400E-16 ) );
#3483 = DIRECTION( '', ( 1.22464679914700E-16, 1.00000000000000, 0.00000000000000 ) );
#3484 = DIRECTION( '', ( 0.00000000000000, 0.00000000000000, -1.00000000000000 ) );
#3485 = DIRECTION( '', ( 0.00000000000000, 1.00000000000000, 0.00000000000000 ) );
#3486 = SURFACE_STYLE_FILL_AREA( #3649 );
#3487 = ORIENTED_EDGE( '', *, *, #701, .T. );
#3488 = ORIENTED_EDGE( '', *, *, #527, .F. );
#3489 = ORIENTED_EDGE( '', *, *, #425, .F. );
#3490 = ORIENTED_EDGE( '', *, *, #343, .T. );
#3491 = CARTESIAN_POINT( '', ( 0.00651261900000000, 0.0158078170000000, 3.15030000000000E-05 ) );
#3492 = DIRECTION( '', ( -1.00000000000000, 1.22464679914700E-16, 8.67361737988400E-16 ) );
#3493 = DIRECTION( '', ( 1.22464679914700E-16, 1.00000000000000, 0.00000000000000 ) );
#3494 = DIRECTION( '', ( 0.00000000000000, -1.00000000000000, 0.00000000000000 ) );
#3495 = SURFACE_STYLE_FILL_AREA( #3650 );
#3496 = ORIENTED_EDGE( '', *, *, #465, .T. );
#3497 = ORIENTED_EDGE( '', *, *, #415, .T. );
#3498 = CARTESIAN_POINT( '', ( 1.26190000000000E-05, -0.0182421830000000, 0.0125315030000000 ) );
#3499 = DIRECTION( '', ( 1.35963107344631E-32, 1.00000000000000, 1.11022302462500E-16 ) );
#3500 = DIRECTION( '', ( 1.00000000000000, 1.09476442525376E-47, -1.22464679914700E-16 ) );
#3501 = DIRECTION( '', ( -1.00000000000000, 0.00000000000000, 0.00000000000000 ) );
#3502 = DIRECTION( '', ( 0.00000000000000, 0.00000000000000, 1.00000000000000 ) );
#3503 = CARTESIAN_POINT( '', ( 1.26190000100000E-05, 0.00675781700001000, 0.0125315030000100 ) );
#3504 = DIRECTION( '', ( 0.00000000000000, -1.00000000000000, 0.00000000000000 ) );
#3505 = DIRECTION( '', ( -1.00000000000000, 0.00000000000000, 0.00000000000000 ) );
#3506 = SURFACE_STYLE_FILL_AREA( #3651 );
#3507 = ORIENTED_EDGE( '', *, *, #551, .F. );
#3508 = ORIENTED_EDGE( '', *, *, #453, .T. );
#3509 = ORIENTED_EDGE( '', *, *, #679, .T. );
#3510 = ORIENTED_EDGE( '', *, *, #671, .T. );
#3511 = ORIENTED_EDGE( '', *, *, #391, .T. );
#3512 = ORIENTED_EDGE( '', *, *, #789, .T. );
#3513 = ORIENTED_EDGE( '', *, *, #751, .T. );
#3514 = ORIENTED_EDGE( '', *, *, #399, .T. );
#3515 = ORIENTED_EDGE( '', *, *, #313, .T. );
#3516 = CARTESIAN_POINT( '', ( 1.26190000000000E-05, 0.0125078170000000, 0.0125315030000000 ) );
#3517 = DIRECTION( '', ( -1.22464679914700E-16, -1.00000000000000, -1.11022302462500E-16 ) );
#3518 = DIRECTION( '', ( -7.78410872524000E-30, 1.11022302462500E-16, -1.00000000000000 ) );
#3519 = DIRECTION( '', ( 0.00000000000000, -1.00000000000000, 0.00000000000000 ) );
#3520 = DIRECTION( '', ( 0.00000000000000, -1.00000000000000, 0.00000000000000 ) );
#3521 = SURFACE_STYLE_FILL_AREA( #3652 );
#3522 = ORIENTED_EDGE( '', *, *, #495, .T. );
#3523 = ORIENTED_EDGE( '', *, *, #803, .F. );
#3524 = ORIENTED_EDGE( '', *, *, #491, .F. );
#3525 = ORIENTED_EDGE( '', *, *, #711, .T. );
#3526 = CARTESIAN_POINT( '', ( -0.00648738100000000, 0.0158078170000000, 3.15030000000000E-05 ) );
#3527 = DIRECTION( '', ( 1.00000000000000, -1.22464679914699E-16, -1.06221177613007E-31 ) );
#3528 = DIRECTION( '', ( 2.18952885050753E-47, -8.67361737988400E-16, 1.00000000000000 ) );
#3529 = DIRECTION( '', ( 0.00000000000000, -1.00000000000000, 0.00000000000000 ) );
#3530 = SURFACE_STYLE_FILL_AREA( #3653 );
#3531 = ORIENTED_EDGE( '', *, *, #553, .T. );
#3532 = ORIENTED_EDGE( '', *, *, #769, .F. );
#3533 = ORIENTED_EDGE( '', *, *, #401, .F. );
#3534 = ORIENTED_EDGE( '', *, *, #807, .T. );
#3535 = CARTESIAN_POINT( '', ( -0.00498738100000000, 0.0108078170000000, -0.00346849700000000 ) );
#3536 = DIRECTION( '', ( 1.22464679914700E-16, 1.00000000000000, 1.11022302462500E-16 ) );
#3537 = DIRECTION( '', ( 1.00000000000000, -1.22464679914700E-16, -7.79770503597400E-30 ) );
#3538 = DIRECTION( '', ( 0.00000000000000, -1.00000000000000, 0.00000000000000 ) );
#3539 = DIRECTION( '', ( -1.00000000000000, 0.00000000000000, 0.00000000000000 ) );
#3540 = SURFACE_STYLE_FILL_AREA( #3654 );
#3541 = ORIENTED_EDGE( '', *, *, #759, .T. );
#3542 = ORIENTED_EDGE( '', *, *, #489, .F. );
#3543 = ORIENTED_EDGE( '', *, *, #683, .F. );
#3544 = ORIENTED_EDGE( '', *, *, #595, .T. );
#3545 = CARTESIAN_POINT( '', ( 0.000512619000000000, 0.0158078170000000, 3.15030000000000E-05 ) );
#3546 = DIRECTION( '', ( -8.64209673294581E-46, -1.11022302462500E-16, 1.00000000000000 ) );
#3547 = DIRECTION( '', ( 1.00000000000000, -7.78410872524000E-30, 6.22301527786114E-61 ) );
#3548 = DIRECTION( '', ( 0.00000000000000, -1.00000000000000, 0.00000000000000 ) );
#3549 = DIRECTION( '', ( 0.00000000000000, 0.00000000000000, 1.00000000000000 ) );
#3550 = DIRECTION( '', ( 0.00000000000000, 0.00000000000000, 1.00000000000000 ) );
#3551 = CARTESIAN_POINT( '', ( 1.26190000100000E-05, -0.00424218300001000, 0.0125315030000100 ) );
#3552 = DIRECTION( '', ( 0.00000000000000, 1.00000000000000, 0.00000000000000 ) );
#3553 = DIRECTION( '', ( 0.00000000000000, 0.00000000000000, -1.00000000000000 ) );
#3554 = DIRECTION( '', ( 0.00000000000000, 0.00000000000000, 1.00000000000000 ) );
#3555 = DIRECTION( '', ( 0.00000000000000, 0.00000000000000, -1.00000000000000 ) );
#3556 = DIRECTION( '', ( 0.00000000000000, -1.00000000000000, 0.00000000000000 ) );
#3557 = DIRECTION( '', ( -1.00000000000000, 0.00000000000000, 0.00000000000000 ) );
#3558 = DIRECTION( '', ( 0.00000000000000, -1.00000000000000, 0.00000000000000 ) );
#3559 = DIRECTION( '', ( 0.00000000000000, 0.00000000000000, -1.00000000000000 ) );
#3560 = DIRECTION( '', ( 0.00000000000000, -1.00000000000000, 0.00000000000000 ) );
#3561 = DIRECTION( '', ( 0.00000000000000, 0.00000000000000, 1.00000000000000 ) );
#3562 = DIRECTION( '', ( 0.00000000000000, -1.00000000000000, 0.00000000000000 ) );
#3563 = SURFACE_STYLE_FILL_AREA( #3655 );
#3564 = ORIENTED_EDGE( '', *, *, #363, .F. );
#3565 = ORIENTED_EDGE( '', *, *, #375, .F. );
#3566 = ORIENTED_EDGE( '', *, *, #367, .F. );
#3567 = ORIENTED_EDGE( '', *, *, #501, .F. );
#3568 = ORIENTED_EDGE( '', *, *, #379, .F. );
#3569 = ORIENTED_EDGE( '', *, *, #553, .F. );
#3570 = ORIENTED_EDGE( '', *, *, #555, .F. );
#3571 = ORIENTED_EDGE( '', *, *, #411, .F. );
#3572 = CARTESIAN_POINT( '', ( -0.00498738100000000, 0.0103078170000000, -0.00346849700000000 ) );
#3573 = DIRECTION( '', ( -1.22464679914700E-16, -1.00000000000000, -1.11022302462500E-16 ) );
#3574 = DIRECTION( '', ( -1.00000000000000, 1.22464679914700E-16, 0.00000000000000 ) );
#3575 = SURFACE_STYLE_FILL_AREA( #3656 );
#3576 = ORIENTED_EDGE( '', *, *, #689, .T. );
#3577 = ORIENTED_EDGE( '', *, *, #639, .F. );
#3578 = ORIENTED_EDGE( '', *, *, #645, .F. );
#3579 = ORIENTED_EDGE( '', *, *, #449, .T. );
#3580 = CARTESIAN_POINT( '', ( -0.00498738100000000, 0.0158078170000000, -0.00346849700000000 ) );
#3581 = DIRECTION( '', ( 1.22464679914700E-16, 1.00000000000000, 1.11022302462500E-16 ) );
#3582 = DIRECTION( '', ( 1.00000000000000, -1.22464679914700E-16, -7.79770503597400E-30 ) );
#3583 = FILL_AREA_STYLE( '', ( #3657 ) );
#3584 = FILL_AREA_STYLE( '', ( #3658 ) );
#3585 = FILL_AREA_STYLE( '', ( #3659 ) );
#3586 = FILL_AREA_STYLE( '', ( #3660 ) );
#3587 = FILL_AREA_STYLE( '', ( #3661 ) );
#3588 = FILL_AREA_STYLE( '', ( #3662 ) );
#3589 = FILL_AREA_STYLE( '', ( #3663 ) );
#3590 = FILL_AREA_STYLE( '', ( #3664 ) );
#3591 = FILL_AREA_STYLE( '', ( #3665 ) );
#3592 = FILL_AREA_STYLE( '', ( #3666 ) );
#3593 = FILL_AREA_STYLE( '', ( #3667 ) );
#3594 = FILL_AREA_STYLE( '', ( #3668 ) );
#3595 = FILL_AREA_STYLE( '', ( #3669 ) );
#3596 = FILL_AREA_STYLE( '', ( #3670 ) );
#3597 = FILL_AREA_STYLE( '', ( #3671 ) );
#3598 = FILL_AREA_STYLE( '', ( #3672 ) );
#3599 = FILL_AREA_STYLE( '', ( #3673 ) );
#3600 = FILL_AREA_STYLE( '', ( #3674 ) );
#3601 = FILL_AREA_STYLE( '', ( #3675 ) );
#3602 = FILL_AREA_STYLE( '', ( #3676 ) );
#3603 = FILL_AREA_STYLE( '', ( #3677 ) );
#3604 = FILL_AREA_STYLE( '', ( #3678 ) );
#3605 = FILL_AREA_STYLE( '', ( #3679 ) );
#3606 = FILL_AREA_STYLE( '', ( #3680 ) );
#3607 = FILL_AREA_STYLE( '', ( #3681 ) );
#3608 = FILL_AREA_STYLE( '', ( #3682 ) );
#3609 = FILL_AREA_STYLE( '', ( #3683 ) );
#3610 = FILL_AREA_STYLE( '', ( #3684 ) );
#3611 = FILL_AREA_STYLE( '', ( #3685 ) );
#3612 = FILL_AREA_STYLE( '', ( #3686 ) );
#3613 = FILL_AREA_STYLE( '', ( #3687 ) );
#3614 = FILL_AREA_STYLE( '', ( #3688 ) );
#3615 = FILL_AREA_STYLE( '', ( #3689 ) );
#3616 = FILL_AREA_STYLE( '', ( #3690 ) );
#3617 = FILL_AREA_STYLE( '', ( #3691 ) );
#3618 = FILL_AREA_STYLE( '', ( #3692 ) );
#3619 = FILL_AREA_STYLE( '', ( #3693 ) );
#3620 = FILL_AREA_STYLE( '', ( #3694 ) );
#3621 = FILL_AREA_STYLE( '', ( #3695 ) );
#3622 = FILL_AREA_STYLE( '', ( #3696 ) );
#3623 = FILL_AREA_STYLE( '', ( #3697 ) );
#3624 = FILL_AREA_STYLE( '', ( #3698 ) );
#3625 = FILL_AREA_STYLE( '', ( #3699 ) );
#3626 = FILL_AREA_STYLE( '', ( #3700 ) );
#3627 = FILL_AREA_STYLE( '', ( #3701 ) );
#3628 = FILL_AREA_STYLE( '', ( #3702 ) );
#3629 = FILL_AREA_STYLE( '', ( #3703 ) );
#3630 = FILL_AREA_STYLE( '', ( #3704 ) );
#3631 = FILL_AREA_STYLE( '', ( #3705 ) );
#3632 = FILL_AREA_STYLE( '', ( #3706 ) );
#3633 = FILL_AREA_STYLE( '', ( #3707 ) );
#3634 = FILL_AREA_STYLE( '', ( #3708 ) );
#3635 = FILL_AREA_STYLE( '', ( #3709 ) );
#3636 = FILL_AREA_STYLE( '', ( #3710 ) );
#3637 = FILL_AREA_STYLE( '', ( #3711 ) );
#3638 = FILL_AREA_STYLE( '', ( #3712 ) );
#3639 = FILL_AREA_STYLE( '', ( #3713 ) );
#3640 = FILL_AREA_STYLE( '', ( #3714 ) );
#3641 = FILL_AREA_STYLE( '', ( #3715 ) );
#3642 = FILL_AREA_STYLE( '', ( #3716 ) );
#3643 = FILL_AREA_STYLE( '', ( #3717 ) );
#3644 = FILL_AREA_STYLE( '', ( #3718 ) );
#3645 = FILL_AREA_STYLE( '', ( #3719 ) );
#3646 = FILL_AREA_STYLE( '', ( #3720 ) );
#3647 = FILL_AREA_STYLE( '', ( #3721 ) );
#3648 = FILL_AREA_STYLE( '', ( #3722 ) );
#3649 = FILL_AREA_STYLE( '', ( #3723 ) );
#3650 = FILL_AREA_STYLE( '', ( #3724 ) );
#3651 = FILL_AREA_STYLE( '', ( #3725 ) );
#3652 = FILL_AREA_STYLE( '', ( #3726 ) );
#3653 = FILL_AREA_STYLE( '', ( #3727 ) );
#3654 = FILL_AREA_STYLE( '', ( #3728 ) );
#3655 = FILL_AREA_STYLE( '', ( #3729 ) );
#3656 = FILL_AREA_STYLE( '', ( #3730 ) );
#3657 = FILL_AREA_STYLE_COLOUR( '', #3731 );
#3658 = FILL_AREA_STYLE_COLOUR( '', #3732 );
#3659 = FILL_AREA_STYLE_COLOUR( '', #3733 );
#3660 = FILL_AREA_STYLE_COLOUR( '', #3734 );
#3661 = FILL_AREA_STYLE_COLOUR( '', #3735 );
#3662 = FILL_AREA_STYLE_COLOUR( '', #3736 );
#3663 = FILL_AREA_STYLE_COLOUR( '', #3737 );
#3664 = FILL_AREA_STYLE_COLOUR( '', #3738 );
#3665 = FILL_AREA_STYLE_COLOUR( '', #3739 );
#3666 = FILL_AREA_STYLE_COLOUR( '', #3740 );
#3667 = FILL_AREA_STYLE_COLOUR( '', #3741 );
#3668 = FILL_AREA_STYLE_COLOUR( '', #3742 );
#3669 = FILL_AREA_STYLE_COLOUR( '', #3743 );
#3670 = FILL_AREA_STYLE_COLOUR( '', #3744 );
#3671 = FILL_AREA_STYLE_COLOUR( '', #3745 );
#3672 = FILL_AREA_STYLE_COLOUR( '', #3746 );
#3673 = FILL_AREA_STYLE_COLOUR( '', #3747 );
#3674 = FILL_AREA_STYLE_COLOUR( '', #3748 );
#3675 = FILL_AREA_STYLE_COLOUR( '', #3749 );
#3676 = FILL_AREA_STYLE_COLOUR( '', #3750 );
#3677 = FILL_AREA_STYLE_COLOUR( '', #3751 );
#3678 = FILL_AREA_STYLE_COLOUR( '', #3752 );
#3679 = FILL_AREA_STYLE_COLOUR( '', #3753 );
#3680 = FILL_AREA_STYLE_COLOUR( '', #3754 );
#3681 = FILL_AREA_STYLE_COLOUR( '', #3755 );
#3682 = FILL_AREA_STYLE_COLOUR( '', #3756 );
#3683 = FILL_AREA_STYLE_COLOUR( '', #3757 );
#3684 = FILL_AREA_STYLE_COLOUR( '', #3758 );
#3685 = FILL_AREA_STYLE_COLOUR( '', #3759 );
#3686 = FILL_AREA_STYLE_COLOUR( '', #3760 );
#3687 = FILL_AREA_STYLE_COLOUR( '', #3761 );
#3688 = FILL_AREA_STYLE_COLOUR( '', #3762 );
#3689 = FILL_AREA_STYLE_COLOUR( '', #3763 );
#3690 = FILL_AREA_STYLE_COLOUR( '', #3764 );
#3691 = FILL_AREA_STYLE_COLOUR( '', #3765 );
#3692 = FILL_AREA_STYLE_COLOUR( '', #3766 );
#3693 = FILL_AREA_STYLE_COLOUR( '', #3767 );
#3694 = FILL_AREA_STYLE_COLOUR( '', #3768 );
#3695 = FILL_AREA_STYLE_COLOUR( '', #3769 );
#3696 = FILL_AREA_STYLE_COLOUR( '', #3770 );
#3697 = FILL_AREA_STYLE_COLOUR( '', #3771 );
#3698 = FILL_AREA_STYLE_COLOUR( '', #3772 );
#3699 = FILL_AREA_STYLE_COLOUR( '', #3773 );
#3700 = FILL_AREA_STYLE_COLOUR( '', #3774 );
#3701 = FILL_AREA_STYLE_COLOUR( '', #3775 );
#3702 = FILL_AREA_STYLE_COLOUR( '', #3776 );
#3703 = FILL_AREA_STYLE_COLOUR( '', #3777 );
#3704 = FILL_AREA_STYLE_COLOUR( '', #3778 );
#3705 = FILL_AREA_STYLE_COLOUR( '', #3779 );
#3706 = FILL_AREA_STYLE_COLOUR( '', #3780 );
#3707 = FILL_AREA_STYLE_COLOUR( '', #3781 );
#3708 = FILL_AREA_STYLE_COLOUR( '', #3782 );
#3709 = FILL_AREA_STYLE_COLOUR( '', #3783 );
#3710 = FILL_AREA_STYLE_COLOUR( '', #3784 );
#3711 = FILL_AREA_STYLE_COLOUR( '', #3785 );
#3712 = FILL_AREA_STYLE_COLOUR( '', #3786 );
#3713 = FILL_AREA_STYLE_COLOUR( '', #3787 );
#3714 = FILL_AREA_STYLE_COLOUR( '', #3788 );
#3715 = FILL_AREA_STYLE_COLOUR( '', #3789 );
#3716 = FILL_AREA_STYLE_COLOUR( '', #3790 );
#3717 = FILL_AREA_STYLE_COLOUR( '', #3791 );
#3718 = FILL_AREA_STYLE_COLOUR( '', #3792 );
#3719 = FILL_AREA_STYLE_COLOUR( '', #3793 );
#3720 = FILL_AREA_STYLE_COLOUR( '', #3794 );
#3721 = FILL_AREA_STYLE_COLOUR( '', #3795 );
#3722 = FILL_AREA_STYLE_COLOUR( '', #3796 );
#3723 = FILL_AREA_STYLE_COLOUR( '', #3797 );
#3724 = FILL_AREA_STYLE_COLOUR( '', #3798 );
#3725 = FILL_AREA_STYLE_COLOUR( '', #3799 );
#3726 = FILL_AREA_STYLE_COLOUR( '', #3800 );
#3727 = FILL_AREA_STYLE_COLOUR( '', #3801 );
#3728 = FILL_AREA_STYLE_COLOUR( '', #3802 );
#3729 = FILL_AREA_STYLE_COLOUR( '', #3803 );
#3730 = FILL_AREA_STYLE_COLOUR( '', #3804 );
#3731 = COLOUR_RGB( '', 0.00000000000000, 0.00000000000000, 0.00000000000000 );
#3732 = COLOUR_RGB( '', 0.00000000000000, 0.00000000000000, 0.00000000000000 );
#3733 = COLOUR_RGB( '', 0.00000000000000, 0.00000000000000, 0.00000000000000 );
#3734 = COLOUR_RGB( '', 0.00000000000000, 0.00000000000000, 0.00000000000000 );
#3735 = COLOUR_RGB( '', 0.00000000000000, 0.00000000000000, 0.00000000000000 );
#3736 = COLOUR_RGB( '', 0.00000000000000, 0.00000000000000, 0.00000000000000 );
#3737 = COLOUR_RGB( '', 0.00000000000000, 0.00000000000000, 0.00000000000000 );
#3738 = COLOUR_RGB( '', 0.00000000000000, 0.00000000000000, 0.00000000000000 );
#3739 = COLOUR_RGB( '', 0.00000000000000, 0.00000000000000, 0.00000000000000 );
#3740 = COLOUR_RGB( '', 0.00000000000000, 0.00000000000000, 0.00000000000000 );
#3741 = COLOUR_RGB( '', 0.00000000000000, 0.00000000000000, 0.00000000000000 );
#3742 = COLOUR_RGB( '', 0.00000000000000, 0.00000000000000, 0.00000000000000 );
#3743 = COLOUR_RGB( '', 0.00000000000000, 0.00000000000000, 0.00000000000000 );
#3744 = COLOUR_RGB( '', 0.00000000000000, 0.00000000000000, 0.00000000000000 );
#3745 = COLOUR_RGB( '', 0.00000000000000, 0.00000000000000, 0.00000000000000 );
#3746 = COLOUR_RGB( '', 0.00000000000000, 0.00000000000000, 0.00000000000000 );
#3747 = COLOUR_RGB( '', 0.00000000000000, 0.00000000000000, 0.00000000000000 );
#3748 = COLOUR_RGB( '', 0.00000000000000, 0.00000000000000, 0.00000000000000 );
#3749 = COLOUR_RGB( '', 0.00000000000000, 0.00000000000000, 0.00000000000000 );
#3750 = COLOUR_RGB( '', 0.00000000000000, 0.00000000000000, 0.00000000000000 );
#3751 = COLOUR_RGB( '', 0.00000000000000, 0.00000000000000, 0.00000000000000 );
#3752 = COLOUR_RGB( '', 0.00000000000000, 0.00000000000000, 0.00000000000000 );
#3753 = COLOUR_RGB( '', 0.00000000000000, 0.00000000000000, 0.00000000000000 );
#3754 = COLOUR_RGB( '', 0.00000000000000, 0.00000000000000, 0.00000000000000 );
#3755 = COLOUR_RGB( '', 0.00000000000000, 0.00000000000000, 0.00000000000000 );
#3756 = COLOUR_RGB( '', 0.00000000000000, 0.00000000000000, 0.00000000000000 );
#3757 = COLOUR_RGB( '', 0.00000000000000, 0.00000000000000, 0.00000000000000 );
#3758 = COLOUR_RGB( '', 0.00000000000000, 0.00000000000000, 0.00000000000000 );
#3759 = COLOUR_RGB( '', 0.00000000000000, 0.00000000000000, 0.00000000000000 );
#3760 = COLOUR_RGB( '', 0.00000000000000, 0.00000000000000, 0.00000000000000 );
#3761 = COLOUR_RGB( '', 0.00000000000000, 0.00000000000000, 0.00000000000000 );
#3762 = COLOUR_RGB( '', 0.00000000000000, 0.00000000000000, 0.00000000000000 );
#3763 = COLOUR_RGB( '', 0.00000000000000, 0.00000000000000, 0.00000000000000 );
#3764 = COLOUR_RGB( '', 0.00000000000000, 0.00000000000000, 0.00000000000000 );
#3765 = COLOUR_RGB( '', 0.00000000000000, 0.00000000000000, 0.00000000000000 );
#3766 = COLOUR_RGB( '', 0.00000000000000, 0.00000000000000, 0.00000000000000 );
#3767 = COLOUR_RGB( '', 0.00000000000000, 0.00000000000000, 0.00000000000000 );
#3768 = COLOUR_RGB( '', 0.00000000000000, 0.00000000000000, 0.00000000000000 );
#3769 = COLOUR_RGB( '', 0.00000000000000, 0.00000000000000, 0.00000000000000 );
#3770 = COLOUR_RGB( '', 0.00000000000000, 0.00000000000000, 0.00000000000000 );
#3771 = COLOUR_RGB( '', 0.00000000000000, 0.00000000000000, 0.00000000000000 );
#3772 = COLOUR_RGB( '', 0.00000000000000, 0.00000000000000, 0.00000000000000 );
#3773 = COLOUR_RGB( '', 0.00000000000000, 0.00000000000000, 0.00000000000000 );
#3774 = COLOUR_RGB( '', 0.00000000000000, 0.00000000000000, 0.00000000000000 );
#3775 = COLOUR_RGB( '', 0.00000000000000, 0.00000000000000, 0.00000000000000 );
#3776 = COLOUR_RGB( '', 0.00000000000000, 0.00000000000000, 0.00000000000000 );
#3777 = COLOUR_RGB( '', 0.00000000000000, 0.00000000000000, 0.00000000000000 );
#3778 = COLOUR_RGB( '', 0.00000000000000, 0.00000000000000, 0.00000000000000 );
#3779 = COLOUR_RGB( '', 0.00000000000000, 0.00000000000000, 0.00000000000000 );
#3780 = COLOUR_RGB( '', 0.00000000000000, 0.00000000000000, 0.00000000000000 );
#3781 = COLOUR_RGB( '', 0.00000000000000, 0.00000000000000, 0.00000000000000 );
#3782 = COLOUR_RGB( '', 0.00000000000000, 0.00000000000000, 0.00000000000000 );
#3783 = COLOUR_RGB( '', 0.00000000000000, 0.00000000000000, 0.00000000000000 );
#3784 = COLOUR_RGB( '', 0.00000000000000, 0.00000000000000, 0.00000000000000 );
#3785 = COLOUR_RGB( '', 0.00000000000000, 0.00000000000000, 0.00000000000000 );
#3786 = COLOUR_RGB( '', 0.00000000000000, 0.00000000000000, 0.00000000000000 );
#3787 = COLOUR_RGB( '', 0.00000000000000, 0.00000000000000, 0.00000000000000 );
#3788 = COLOUR_RGB( '', 0.00000000000000, 0.00000000000000, 0.00000000000000 );
#3789 = COLOUR_RGB( '', 0.00000000000000, 0.00000000000000, 0.00000000000000 );
#3790 = COLOUR_RGB( '', 0.00000000000000, 0.00000000000000, 0.00000000000000 );
#3791 = COLOUR_RGB( '', 0.00000000000000, 0.00000000000000, 0.00000000000000 );
#3792 = COLOUR_RGB( '', 0.00000000000000, 0.00000000000000, 0.00000000000000 );
#3793 = COLOUR_RGB( '', 0.00000000000000, 0.00000000000000, 0.00000000000000 );
#3794 = COLOUR_RGB( '', 0.00000000000000, 0.00000000000000, 0.00000000000000 );
#3795 = COLOUR_RGB( '', 0.00000000000000, 0.00000000000000, 0.00000000000000 );
#3796 = COLOUR_RGB( '', 0.00000000000000, 0.00000000000000, 0.00000000000000 );
#3797 = COLOUR_RGB( '', 0.00000000000000, 0.00000000000000, 0.00000000000000 );
#3798 = COLOUR_RGB( '', 0.00000000000000, 0.00000000000000, 0.00000000000000 );
#3799 = COLOUR_RGB( '', 0.00000000000000, 0.00000000000000, 0.00000000000000 );
#3800 = COLOUR_RGB( '', 0.00000000000000, 0.00000000000000, 0.00000000000000 );
#3801 = COLOUR_RGB( '', 0.00000000000000, 0.00000000000000, 0.00000000000000 );
#3802 = COLOUR_RGB( '', 0.00000000000000, 0.00000000000000, 0.00000000000000 );
#3803 = COLOUR_RGB( '', 0.00000000000000, 0.00000000000000, 0.00000000000000 );
#3804 = COLOUR_RGB( '', 0.00000000000000, 0.00000000000000, 0.00000000000000 );
ENDSEC;
END-ISO-10303-21;
